Ser,Postcode
1,1010
2,1020
3,1030
4,1040
5,1050
6,1060
7,1070
8,1080
9,1090
10,1100
11,1110
12,1120
13,1130
14,1140
15,1150
16,1160
17,1170
18,1180
19,1190
20,1200
21,1210
22,1220
23,1230
24,1300
25,2000
26,2002
27,2003
28,2004
29,2011
30,2013
31,2014
32,2020
33,2022
34,2023
35,2024
36,2031
37,2032
38,2033
39,2034
40,2041
41,2042
42,2051
43,2052
44,2053
45,2054
46,2061
47,2062
48,2063
49,2064
50,2070
51,2073
52,2074
53,2081
54,2082
55,2083
56,2084
57,2091
58,2092
59,2093
60,2094
61,2095
62,2100
63,2102
64,2103
65,2104
66,2105
67,2111
68,2112
69,2113
70,2114
71,2115
72,2116
73,2120
74,2122
75,2123
76,2124
77,2125
78,2126
79,2130
80,2132
81,2133
82,2134
83,2135
84,2136
85,2141
86,2143
87,2144
88,2145
89,2151
90,2152
91,2153
92,2154
93,2161
94,2162
95,2163
96,2164
97,2165
98,2170
99,2171
100,2172
101,2181
102,2182
103,2183
104,2184
105,2185
106,2191
107,2192
108,2193
109,2201
110,2202
111,2203
112,2211
113,2212
114,2213
115,2214
116,2215
117,2221
118,2222
119,2223
120,2224
121,2225
122,2230
123,2231
124,2232
125,2241
126,2242
127,2243
128,2244
129,2245
130,2251
131,2252
132,2253
133,2261
134,2262
135,2263
136,2264
137,2265
138,2272
139,2273
140,2274
141,2275
142,2276
143,2280
144,2281
145,2282
146,2283
147,2284
148,2285
149,2286
150,2291
151,2292
152,2293
153,2294
154,2295
155,2301
156,2304
157,2305
158,2320
159,2322
160,2325
161,2326
162,2331
163,2332
164,2333
165,2334
166,2340
167,2344
168,2345
169,2351
170,2352
171,2353
172,2355
173,2361
174,2362
175,2371
176,2372
177,2380
178,2381
179,2384
180,2391
181,2392
182,2393
183,2401
184,2402
185,2403
186,2404
187,2405
188,2410
189,2412
190,2413
191,2421
192,2422
193,2423
194,2424
195,2425
196,2431
197,2432
198,2433
199,2434
200,2435
201,2440
202,2441
203,2442
204,2443
205,2444
206,2451
207,2452
208,2453
209,2454
210,2460
211,2462
212,2463
213,2464
214,2465
215,2471
216,2472
217,2473
218,2474
219,2475
220,2481
221,2482
222,2483
223,2485
224,2486
225,2490
226,2491
227,2492
228,2493
229,2500
230,2504
231,2511
232,2512
233,2514
234,2521
235,2522
236,2523
237,2524
238,2525
239,2531
240,2532
241,2533
242,2534
243,2540
244,2542
245,2544
246,2551
247,2552
248,2560
249,2561
250,2563
251,2564
252,2565
253,2571
254,2572
255,2601
256,2602
257,2603
258,2604
259,2620
260,2624
261,2625
262,2630
263,2631
264,2632
265,2640
266,2641
267,2650
268,2651
269,2661
270,2662
271,2663
272,2671
273,2673
274,2680
275,2700
276,2721
277,2722
278,2723
279,2724
280,2731
281,2732
282,2733
283,2734
284,2751
285,2752
286,2753
287,2754
288,2755
289,2761
290,2763
291,2770
292,2801
293,2802
294,2803
295,2811
296,2812
297,2813
298,2821
299,2822
300,2823
301,2824
302,2831
303,2832
304,2833
305,2840
306,2842
307,2851
308,2852
309,2853
310,2860
311,2870
312,2871
313,2872
314,2873
315,2880
316,2881
317,3001
318,3002
319,3003
320,3004
321,3011
322,3012
323,3013
324,3021
325,3031
326,3032
327,3033
328,3034
329,3040
330,3041
331,3042
332,3051
333,3052
334,3053
335,3061
336,3062
337,3071
338,3072
339,3073
340,3074
341,3100
342,3104
343,3105
344,3107
345,3109
346,3110
347,3121
348,3122
349,3123
350,3124
351,3125
352,3130
353,3131
354,3133
355,3134
356,3140
357,3141
358,3142
359,3143
360,3144
361,3150
362,3151
363,3153
364,3160
365,3161
366,3162
367,3163
368,3170
369,3171
370,3172
371,3180
372,3182
373,3183
374,3184
375,3192
376,3193
377,3195
378,3200
379,3202
380,3203
381,3204
382,3205
383,3211
384,3212
385,3213
386,3214
387,3221
388,3222
389,3223
390,3224
391,3231
392,3232
393,3233
394,3240
395,3241
396,3242
397,3243
398,3244
399,3250
400,3251
401,3252
402,3253
403,3254
404,3261
405,3262
406,3263
407,3264
408,3270
409,3281
410,3282
411,3283
412,3291
413,3292
414,3293
415,3294
416,3295
417,3300
418,3304
419,3311
420,3312
421,3313
422,3314
423,3321
424,3322
425,3323
426,3324
427,3325
428,3331
429,3332
430,3333
431,3334
432,3335
433,3340
434,3341
435,3342
436,3343
437,3344
438,3345
439,3350
440,3351
441,3352
442,3353
443,3354
444,3355
445,3361
446,3362
447,3363
448,3364
449,3365
450,3370
451,3371
452,3372
453,3373
454,3374
455,3375
456,3376
457,3380
458,3381
459,3382
460,3383
461,3384
462,3385
463,3386
464,3388
465,3390
466,3392
467,3393
468,3394
469,3400
470,3413
471,3420
472,3421
473,3422
474,3423
475,3424
476,3425
477,3426
478,3430
479,3433
480,3434
481,3435
482,3441
483,3442
484,3443
485,3451
486,3452
487,3454
488,3462
489,3463
490,3464
491,3465
492,3470
493,3471
494,3472
495,3473
496,3474
497,3481
498,3482
499,3483
500,3484
501,3485
502,3491
503,3492
504,3493
505,3494
506,3495
507,3500
508,3506
509,3508
510,3511
511,3512
512,3521
513,3522
514,3524
515,3525
516,3531
517,3532
518,3533
519,3541
520,3542
521,3543
522,3544
523,3550
524,3552
525,3553
526,3561
527,3562
528,3564
529,3571
530,3572
531,3573
532,3580
533,3591
534,3592
535,3593
536,3594
537,3595
538,3601
539,3602
540,3610
541,3611
542,3613
543,3620
544,3621
545,3622
546,3623
547,3631
548,3632
549,3633
550,3641
551,3642
552,3643
553,3644
554,3650
555,3652
556,3653
557,3654
558,3660
559,3661
560,3662
561,3663
562,3664
563,3665
564,3671
565,3672
566,3680
567,3681
568,3683
569,3684
570,3691
571,3701
572,3702
573,3704
574,3710
575,3711
576,3712
577,3713
578,3714
579,3720
580,3721
581,3722
582,3730
583,3741
584,3742
585,3743
586,3744
587,3751
588,3752
589,3753
590,3754
591,3761
592,3762
593,3763
594,3800
595,3804
596,3811
597,3812
598,3813
599,3814
600,3820
601,3822
602,3823
603,3824
604,3830
605,3834
606,3841
607,3842
608,3843
609,3844
610,3851
611,3852
612,3860
613,3861
614,3862
615,3863
616,3871
617,3872
618,3873
619,3874
620,3900
621,3902
622,3903
623,3910
624,3911
625,3912
626,3913
627,3914
628,3920
629,3921
630,3922
631,3923
632,3924
633,3925
634,3931
635,3932
636,3942
637,3943
638,3944
639,3945
640,3950
641,3961
642,3962
643,3970
644,3971
645,3972
646,3973
647,4020
648,4021
649,4030
650,4040
651,4048
652,4050
653,4052
654,4053
655,4055
656,4060
657,4061
658,4062
659,4063
660,4064
661,4070
662,4072
663,4073
664,4074
665,4075
666,4076
667,4081
668,4082
669,4083
670,4084
671,4085
672,4090
673,4091
674,4092
675,4100
676,4101
677,4102
678,4111
679,4112
680,4113
681,4114
682,4115
683,4116
684,4120
685,4121
686,4122
687,4131
688,4132
689,4133
690,4134
691,4141
692,4142
693,4143
694,4144
695,4150
696,4151
697,4152
698,4153
699,4154
700,4155
701,4160
702,4161
703,4162
704,4163
705,4164
706,4170
707,4171
708,4172
709,4173
710,4174
711,4175
712,4180
713,4181
714,4182
715,4183
716,4184
717,4190
718,4191
719,4192
720,4193
721,4201
722,4202
723,4203
724,4204
725,4209
726,4210
727,4211
728,4212
729,4213
730,4221
731,4222
732,4223
733,4224
734,4225
735,4230
736,4232
737,4240
738,4242
739,4251
740,4252
741,4261
742,4262
743,4263
744,4264
745,4271
746,4272
747,4273
748,4274
749,4280
750,4281
751,4282
752,4283
753,4284
754,4291
755,4292
756,4293
757,4294
758,4300
759,4303
760,4310
761,4311
762,4312
763,4320
764,4322
765,4323
766,4324
767,4331
768,4332
769,4341
770,4342
771,4343
772,4351
773,4352
774,4360
775,4362
776,4363
777,4364
778,4371
779,4372
780,4381
781,4382
782,4391
783,4392
784,4400
785,4407
786,4421
787,4431
788,4432
789,4441
790,4442
791,4443
792,4451
793,4452
794,4453
795,4460
796,4461
797,4462
798,4463
799,4464
800,4470
801,4481
802,4482
803,4483
804,4484
805,4490
806,4491
807,4492
808,4493
809,4501
810,4502
811,4511
812,4521
813,4522
814,4523
815,4531
816,4532
817,4533
818,4540
819,4541
820,4542
821,4550
822,4551
823,4552
824,4553
825,4554
826,4560
827,4562
828,4563
829,4564
830,4565
831,4571
832,4572
833,4573
834,4574
835,4575
836,4580
837,4581
838,4582
839,4591
840,4592
841,4593
842,4594
843,4595
844,4596
845,4600
846,4611
847,4612
848,4613
849,4614
850,4615
851,4616
852,4621
853,4622
854,4623
855,4624
856,4625
857,4631
858,4632
859,4633
860,4641
861,4642
862,4643
863,4644
864,4645
865,4650
866,4651
867,4652
868,4653
869,4654
870,4655
871,4656
872,4661
873,4662
874,4663
875,4664
876,4671
877,4672
878,4673
879,4674
880,4675
881,4676
882,4680
883,4681
884,4682
885,4690
886,4691
887,4692
888,4693
889,4694
890,4701
891,4702
892,4707
893,4710
894,4712
895,4713
896,4714
897,4715
898,4716
899,4720
900,4721
901,4722
902,4723
903,4724
904,4725
905,4730
906,4731
907,4732
908,4733
909,4741
910,4742
911,4743
912,4751
913,4752
914,4753
915,4754
916,4755
917,4760
918,4761
919,4762
920,4770
921,4771
922,4772
923,4773
924,4774
925,4775
926,4776
927,4777
928,4780
929,4782
930,4783
931,4784
932,4785
933,4786
934,4791
935,4792
936,4793
937,4794
938,4800
939,4801
940,4802
941,4810
942,4812
943,4813
944,4814
945,4816
946,4817
947,4820
948,4821
949,4822
950,4823
951,4824
952,4825
953,4830
954,4831
955,4840
956,4841
957,4842
958,4843
959,4844
960,4845
961,4846
962,4849
963,4850
964,4851
965,4852
966,4853
967,4854
968,4860
969,4861
970,4863
971,4864
972,4865
973,4866
974,4870
975,4871
976,4872
977,4873
978,4880
979,4881
980,4882
981,4890
982,4891
983,4892
984,4893
985,4894
986,4901
987,4902
988,4903
989,4904
990,4906
991,4910
992,4911
993,4912
994,4920
995,4921
996,4922
997,4923
998,4924
999,4925
1000,4926
1001,4931
1002,4932
1003,4933
1004,4941
1005,4942
1006,4943
1007,4950
1008,4951
1009,4952
1010,4961
1011,4962
1012,4963
1013,4970
1014,4971
1015,4972
1016,4973
1017,4974
1018,4975
1019,4980
1020,4981
1021,4982
1022,4983
1023,4984
1024,5020
1025,5023
1026,5026
1027,5061
1028,5071
1029,5081
1030,5082
1031,5083
1032,5084
1033,5090
1034,5091
1035,5092
1036,5093
1037,5101
1038,5102
1039,5110
1040,5111
1041,5112
1042,5113
1043,5114
1044,5120
1045,5121
1046,5122
1047,5123
1048,5124
1049,5131
1050,5132
1051,5133
1052,5134
1053,5141
1054,5142
1055,5143
1056,5144
1057,5145
1058,5151
1059,5152
1060,5161
1061,5162
1062,5163
1063,5164
1064,5165
1065,5166
1066,5201
1067,5202
1068,5203
1069,5204
1070,5205
1071,5211
1072,5212
1073,5221
1074,5222
1075,5223
1076,5224
1077,5225
1078,5230
1079,5231
1080,5232
1081,5233
1082,5241
1083,5242
1084,5251
1085,5252
1086,5261
1087,5270
1088,5271
1089,5272
1090,5273
1091,5274
1092,5280
1093,5282
1094,5300
1095,5301
1096,5302
1097,5303
1098,5310
1099,5311
1100,5321
1101,5322
1102,5323
1103,5324
1104,5325
1105,5330
1106,5340
1107,5342
1108,5350
1109,5360
1110,5400
1111,5411
1112,5412
1113,5421
1114,5422
1115,5423
1116,5424
1117,5425
1118,5431
1119,5440
1120,5441
1121,5442
1122,5450
1123,5451
1124,5452
1125,5453
1126,5500
1127,5505
1128,5511
1129,5521
1130,5522
1131,5523
1132,5524
1133,5531
1134,5532
1135,5541
1136,5542
1137,5550
1138,5552
1139,5561
1140,5562
1141,5563
1142,5570
1143,5571
1144,5572
1145,5573
1146,5574
1147,5575
1148,5580
1149,5581
1150,5582
1151,5583
1152,5584
1153,5585
1154,5591
1155,5592
1156,5600
1157,5602
1158,5603
1159,5611
1160,5612
1161,5620
1162,5621
1163,5622
1164,5630
1165,5632
1166,5640
1167,5645
1168,5651
1169,5652
1170,5660
1171,5661
1172,5662
1173,5671
1174,5672
1175,5700
1176,5710
1177,5721
1178,5722
1179,5723
1180,5724
1181,5730
1182,5731
1183,5733
1184,5741
1185,5742
1186,5743
1187,5751
1188,5752
1189,5753
1190,5754
1191,5760
1192,5761
1193,5771
1194,6020
1195,6060
1196,6063
1197,6065
1198,6067
1199,6068
1200,6069
1201,6070
1202,6071
1203,6072
1204,6073
1205,6074
1206,6075
1207,6080
1208,6082
1209,6083
1210,6091
1211,6092
1212,6094
1213,6095
1214,6100
1215,6103
1216,6105
1217,6108
1218,6111
1219,6112
1220,6113
1221,6114
1222,6115
1223,6116
1224,6121
1225,6122
1226,6123
1227,6130
1228,6133
1229,6134
1230,6135
1231,6136
1232,6141
1233,6142
1234,6143
1235,6145
1236,6150
1237,6152
1238,6154
1239,6156
1240,6157
1241,6161
1242,6162
1243,6165
1244,6166
1245,6167
1246,6170
1247,6173
1248,6175
1249,6176
1250,6178
1251,6179
1252,6181
1253,6182
1254,6183
1255,6184
1256,6200
1257,6210
1258,6212
1259,6213
1260,6215
1261,6220
1262,6222
1263,6230
1264,6232
1265,6233
1266,6234
1267,6235
1268,6236
1269,6240
1270,6241
1271,6250
1272,6252
1273,6260
1274,6261
1275,6262
1276,6263
1277,6264
1278,6265
1279,6271
1280,6272
1281,6273
1282,6274
1283,6275
1284,6276
1285,6277
1286,6278
1287,6280
1288,6281
1289,6283
1290,6284
1291,6290
1292,6292
1293,6293
1294,6294
1295,6295
1296,6300
1297,6305
1298,6306
1299,6311
1300,6313
1301,6314
1302,6320
1303,6321
1304,6322
1305,6323
1306,6324
1307,6330
1308,6334
1309,6335
1310,6336
1311,6341
1312,6342
1313,6343
1314,6344
1315,6345
1316,6346
1317,6347
1318,6351
1319,6352
1320,6353
1321,6361
1322,6363
1323,6364
1324,6365
1325,6370
1326,6371
1327,6372
1328,6373
1329,6380
1330,6382
1331,6383
1332,6384
1333,6385
1334,6391
1335,6392
1336,6393
1337,6395
1338,6401
1339,6402
1340,6403
1341,6404
1342,6405
1343,6406
1344,6408
1345,6410
1346,6413
1347,6414
1348,6416
1349,6421
1350,6422
1351,6423
1352,6424
1353,6425
1354,6426
1355,6430
1356,6432
1357,6433
1358,6441
1359,6444
1360,6450
1361,6456
1362,6458
1363,6460
1364,6462
1365,6463
1366,6464
1367,6465
1368,6471
1369,6473
1370,6474
1371,6481
1372,6491
1373,6492
1374,6493
1375,6500
1376,6511
1377,6521
1378,6522
1379,6524
1380,6525
1381,6526
1382,6527
1383,6528
1384,6531
1385,6532
1386,6533
1387,6534
1388,6541
1389,6542
1390,6543
1391,6544
1392,6551
1393,6552
1394,6553
1395,6555
1396,6561
1397,6562
1398,6563
1399,6571
1400,6572
1401,6574
1402,6580
1403,6591
1404,6600
1405,6604
1406,6610
1407,6611
1408,6621
1409,6622
1410,6623
1411,6631
1412,6632
1413,6633
1414,6642
1415,6644
1416,6645
1417,6646
1418,6647
1419,6650
1420,6651
1421,6652
1422,6653
1423,6654
1424,6655
1425,6670
1426,6671
1427,6672
1428,6673
1429,6675
1430,6677
1431,6682
1432,6691
1433,6700
1434,6706
1435,6707
1436,6708
1437,6710
1438,6712
1439,6713
1440,6714
1441,6719
1442,6721
1443,6722
1444,6723
1445,6731
1446,6733
1447,6741
1448,6751
1449,6752
1450,6754
1451,6762
1452,6763
1453,6764
1454,6767
1455,6771
1456,6773
1457,6774
1458,6780
1459,6781
1460,6782
1461,6787
1462,6791
1463,6793
1464,6794
1465,6800
1466,6811
1467,6812
1468,6820
1469,6822
1470,6824
1471,6830
1472,6832
1473,6833
1474,6834
1475,6835
1476,6836
1477,6837
1478,6840
1479,6841
1480,6842
1481,6844
1482,6845
1483,6850
1484,6858
1485,6861
1486,6863
1487,6866
1488,6867
1489,6870
1490,6874
1491,6881
1492,6882
1493,6883
1494,6884
1495,6886
1496,6888
1497,6890
1498,6900
1499,6911
1500,6912
1501,6914
1502,6921
1503,6922
1504,6923
1505,6932
1506,6933
1507,6934
1508,6941
1509,6942
1510,6943
1511,6951
1512,6952
1513,6960
1514,6971
1515,6972
1516,6973
1517,6974
1518,6991
1519,6992
1520,6993
1521,7000
1522,7011
1523,7012
1524,7013
1525,7020
1526,7021
1527,7022
1528,7023
1529,7024
1530,7025
1531,7031
1532,7032
1533,7033
1534,7034
1535,7035
1536,7041
1537,7042
1538,7051
1539,7052
1540,7053
1541,7061
1542,7062
1543,7063
1544,7064
1545,7071
1546,7072
1547,7081
1548,7082
1549,7083
1550,7091
1551,7092
1552,7093
1553,7100
1554,7111
1555,7121
1556,7122
1557,7123
1558,7131
1559,7132
1560,7141
1561,7142
1562,7143
1563,7151
1564,7152
1565,7161
1566,7162
1567,7163
1568,7201
1569,7202
1570,7203
1571,7210
1572,7212
1573,7221
1574,7222
1575,7223
1576,7301
1577,7302
1578,7304
1579,7311
1580,7312
1581,7321
1582,7322
1583,7323
1584,7331
1585,7332
1586,7341
1587,7342
1588,7343
1589,7344
1590,7350
1591,7361
1592,7371
1593,7372
1594,7373
1595,7374
1596,7400
1597,7410
1598,7411
1599,7412
1600,7420
1601,7421
1602,7422
1603,7423
1604,7425
1605,7431
1606,7432
1607,7433
1608,7434
1609,7435
1610,7441
1611,7442
1612,7443
1613,7444
1614,7451
1615,7452
1616,7453
1617,7461
1618,7463
1619,7464
1620,7471
1621,7472
1622,7473
1623,7474
1624,7501
1625,7502
1626,7503
1627,7511
1628,7512
1629,7521
1630,7522
1631,7531
1632,7532
1633,7533
1634,7534
1635,7535
1636,7536
1637,7537
1638,7540
1639,7542
1640,7543
1641,7544
1642,7545
1643,7546
1644,7550
1645,7551
1646,7552
1647,7553
1648,7554
1649,7561
1650,7562
1651,7563
1652,7564
1653,7571
1654,7572
1655,7574
1656,8010
1657,8020
1658,8036
1659,8041
1660,8042
1661,8043
1662,8044
1663,8045
1664,8046
1665,8047
1666,8051
1667,8052
1668,8053
1669,8054
1670,8055
1671,8061
1672,8062
1673,8063
1674,8071
1675,8072
1676,8073
1677,8074
1678,8075
1679,8076
1680,8077
1681,8081
1682,8082
1683,8083
1684,8091
1685,8092
1686,8093
1687,8101
1688,8102
1689,8103
1690,8111
1691,8112
1692,8113
1693,8114
1694,8120
1695,8121
1696,8122
1697,8124
1698,8130
1699,8131
1700,8132
1701,8141
1702,8142
1703,8143
1704,8144
1705,8151
1706,8152
1707,8153
1708,8160
1709,8162
1710,8163
1711,8171
1712,8172
1713,8181
1714,8182
1715,8183
1716,8184
1717,8190
1718,8191
1719,8192
1720,8200
1721,8211
1722,8212
1723,8221
1724,8222
1725,8223
1726,8224
1727,8225
1728,8230
1729,8232
1730,8233
1731,8234
1732,8240
1733,8241
1734,8242
1735,8243
1736,8244
1737,8250
1738,8251
1739,8252
1740,8253
1741,8254
1742,8255
1743,8261
1744,8262
1745,8263
1746,8264
1747,8265
1748,8271
1749,8272
1750,8273
1751,8274
1752,8280
1753,8282
1754,8283
1755,8291
1756,8292
1757,8293
1758,8294
1759,8295
1760,8301
1761,8302
1762,8311
1763,8312
1764,8313
1765,8321
1766,8322
1767,8323
1768,8324
1769,8330
1770,8332
1771,8333
1772,8334
1773,8341
1774,8342
1775,8343
1776,8344
1777,8345
1778,8350
1779,8352
1780,8353
1781,8354
1782,8355
1783,8361
1784,8362
1785,8380
1786,8382
1787,8383
1788,8384
1789,8385
1790,8401
1791,8402
1792,8403
1793,8410
1794,8411
1795,8412
1796,8413
1797,8421
1798,8422
1799,8423
1800,8424
1801,8430
1802,8431
1803,8434
1804,8435
1805,8441
1806,8442
1807,8443
1808,8444
1809,8451
1810,8452
1811,8453
1812,8454
1813,8455
1814,8461
1815,8462
1816,8463
1817,8471
1818,8472
1819,8473
1820,8480
1821,8481
1822,8483
1823,8484
1824,8490
1825,8492
1826,8493
1827,8501
1828,8502
1829,8503
1830,8504
1831,8505
1832,8510
1833,8511
1834,8521
1835,8522
1836,8523
1837,8524
1838,8530
1839,8541
1840,8542
1841,8543
1842,8544
1843,8551
1844,8552
1845,8553
1846,8554
1847,8561
1848,8562
1849,8563
1850,8564
1851,8570
1852,8572
1853,8573
1854,8580
1855,8582
1856,8583
1857,8584
1858,8591
1859,8592
1860,8593
1861,8600
1862,8605
1863,8611
1864,8612
1865,8614
1866,8616
1867,8621
1868,8622
1869,8623
1870,8624
1871,8625
1872,8630
1873,8632
1874,8634
1875,8635
1876,8636
1877,8641
1878,8642
1879,8643
1880,8644
1881,8650
1882,8652
1883,8653
1884,8654
1885,8661
1886,8662
1887,8663
1888,8664
1889,8665
1890,8670
1891,8671
1892,8672
1893,8673
1894,8674
1895,8680
1896,8682
1897,8684
1898,8685
1899,8691
1900,8692
1901,8693
1902,8694
1903,8700
1904,8712
1905,8713
1906,8714
1907,8715
1908,8720
1909,8723
1910,8724
1911,8731
1912,8732
1913,8733
1914,8734
1915,8740
1916,8741
1917,8742
1918,8750
1919,8753
1920,8754
1921,8755
1922,8756
1923,8761
1924,8762
1925,8763
1926,8764
1927,8765
1928,8770
1929,8772
1930,8773
1931,8774
1932,8775
1933,8781
1934,8782
1935,8783
1936,8784
1937,8785
1938,8786
1939,8790
1940,8792
1941,8793
1942,8794
1943,8795
1944,8800
1945,8811
1946,8812
1947,8813
1948,8820
1949,8822
1950,8831
1951,8832
1952,8833
1953,8841
1954,8842
1955,8843
1956,8844
1957,8850
1958,8852
1959,8853
1960,8854
1961,8861
1962,8862
1963,8863
1964,8864
1965,8900
1966,8903
1967,8904
1968,8911
1969,8912
1970,8913
1971,8920
1972,8921
1973,8922
1974,8923
1975,8924
1976,8931
1977,8932
1978,8933
1979,8934
1980,8940
1981,8942
1982,8943
1983,8950
1984,8951
1985,8952
1986,8953
1987,8954
1988,8960
1989,8961
1990,8962
1991,8965
1992,8966
1993,8967
1994,8970
1995,8971
1996,8972
1997,8973
1998,8974
1999,8982
2000,8983
2001,8984
2002,8990
2003,8992
2004,8993
2005,9020
2006,9061
2007,9062
2008,9063
2009,9064
2010,9065
2011,9071
2012,9072
2013,9073
2014,9074
2015,9081
2016,9082
2017,9100
2018,9102
2019,9103
2020,9104
2021,9111
2022,9112
2023,9113
2024,9121
2025,9122
2026,9123
2027,9125
2028,9130
2029,9131
2030,9132
2031,9133
2032,9135
2033,9141
2034,9142
2035,9143
2036,9150
2037,9155
2038,9161
2039,9162
2040,9163
2041,9170
2042,9173
2043,9181
2044,9182
2045,9183
2046,9184
2047,9201
2048,9210
2049,9212
2050,9220
2051,9231
2052,9232
2053,9241
2054,9300
2055,9311
2056,9312
2057,9313
2058,9314
2059,9321
2060,9322
2061,9323
2062,9330
2063,9334
2064,9335
2065,9341
2066,9342
2067,9343
2068,9344
2069,9345
2070,9346
2071,9360
2072,9361
2073,9362
2074,9363
2075,9371
2076,9372
2077,9373
2078,9374
2079,9375
2080,9376
2081,9400
2082,9411
2083,9412
2084,9413
2085,9421
2086,9422
2087,9423
2088,9431
2089,9433
2090,9441
2091,9451
2092,9461
2093,9462
2094,9463
2095,9470
2096,9472
2097,9473
2098,9500
2099,9504
2100,9520
2101,9521
2102,9523
2103,9524
2104,9530
2105,9531
2106,9535
2107,9536
2108,9541
2109,9542
2110,9543
2111,9544
2112,9545
2113,9546
2114,9551
2115,9552
2116,9554
2117,9555
2118,9556
2119,9560
2120,9562
2121,9563
2122,9564
2123,9565
2124,9570
2125,9571
2126,9572
2127,9580
2128,9581
2129,9582
2130,9583
2131,9584
2132,9585
2133,9586
2134,9587
2135,9601
2136,9602
2137,9611
2138,9612
2139,9613
2140,9614
2141,9615
2142,9620
2143,9622
2144,9623
2145,9624
2146,9631
2147,9632
2148,9633
2149,9634
2150,9635
2151,9640
2152,9651
2153,9652
2154,9653
2155,9654
2156,9655
2157,9701
2158,9702
2159,9710
2160,9711
2161,9712
2162,9713
2163,9714
2164,9721
2165,9722
2166,9751
2167,9753
2168,9754
2169,9761
2170,9762
2171,9771
2172,9772
2173,9773
2174,9781
2175,9782
2176,9800
2177,9805
2178,9811
2179,9812
2180,9813
2181,9814
2182,9815
2183,9816
2184,9821
2185,9822
2186,9831
2187,9832
2188,9833
2189,9841
2190,9842
2191,9843
2192,9844
2193,9851
2194,9852
2195,9853
2196,9854
2197,9861
2198,9862
2199,9863
2200,9871
2201,9872
2202,9873
2203,9900
2204,9903
2205,9904
2206,9905
2207,9906
2208,9907
2209,9908
2210,9909
2211,9911
2212,9912
2213,9913
2214,9918
2215,9919
2216,9920
2217,9931
2218,9932
2219,9941
2220,9942
2221,9943
2222,9951
2223,9952
2224,9954
2225,9961
2226,9962
2227,9963
2228,9971
2229,9972
2230,9974
2231,9981
2232,9990
2233,9991
2234,9992
