﻿Parcel ID,Name,Address,Mailing Address
18E16S330070  000D0 0010,HUTCHINS SUZANNE C,"3524 W RIVERVIEW LN , DUNNELLON","3524 W RIVERVIEW LN, DUNNELLON FL 34433"
18E16S330010  00030 0090,KOVAL JASON GARHAM,"3841 W WAITING LN , DUNNELLON","3841 W WAITING LN, DUNNELLON FL 34433"
18E16S310210  00070 0100,SIRON RACHELLE AGUIRRE,"11949 N ELLSWORTH TER , DUNNELLON","1518 HARTVIEW AVE, LA PUENTE CA 91744"
18E16S330070  000D0 0010,HUTCHINS SUZANNE C,"3524 W RIVERVIEW LN , DUNNELLON","3524 W RIVERVIEW LN, DUNNELLON FL 34433"
18E16S330080  000E0 0150,FARSON HOWARD L III,"3691 W SULLIVAN ST , DUNNELLON","25085 NE 130TH LN, FT MCCOY FL 32134"
18E16S330070  000D0 0170,FARSON HOWARD L III,"3704 W RIVERVIEW LN , DUNNELLON","25085 NE 130TH LN, FT MCCOY FL 32134"
