[
{"Zpid": "61088659", "Street_address": "16080 SW 49th Ct", "City": "Miramar", "State": "FL", "ZipCode": "33027", "Price": null, "Beds": 3, "Baths": 3.0, "Sqr_feet": 3501, "Home_Status": "Pre-foreclosure", "Zestimate": 868300, "RentZestimate": 4715, "Days_on_zillow": 102, "Home_Type": "SINGLE_FAMILY", "Lat_Long": {"latitude": 25.965387, "longitude": -80.360855}, "Broker_Name": null, "Agent_name": null, "Agent_phone": null, "Event Description": "You cannot resist this impressive 3BR/2+BA two-story in a gated community. 3-car garage. Clubhouse and community tennis. Immediate possession.", "Listing Photos": ["https://photos.zillowstatic.com/fp/c213a41078f91e1d0f6df5469e4fe81c-p_e.jpg", "https://photos.zillowstatic.com/fp/559cca11ee79aab843e4de06835dcb19-p_e.jpg", "https://photos.zillowstatic.com/fp/46e968b2246922952c165b3b93da58f1-p_e.jpg", "https://photos.zillowstatic.com/fp/844103dd34f797e996a739a582302d17-p_e.jpg", "https://photos.zillowstatic.com/fp/5580cfd1c99c59d0d17b2977a8f005a2-p_e.jpg", "https://photos.zillowstatic.com/fp/9009e946d54fb8d51ef438611ded5424-p_e.jpg", "https://photos.zillowstatic.com/fp/af71b5672dc9ed5edb5907f8113a99e4-p_e.jpg", "https://photos.zillowstatic.com/fp/510ee408b85f70a6deb284ae903bccdf-p_e.jpg", "https://photos.zillowstatic.com/fp/aa0480309aef4c3db04beb12b8e46037-p_e.jpg", "https://photos.zillowstatic.com/fp/3f33ba7ff90d5e4562e21c95a522affd-p_e.jpg", "https://photos.zillowstatic.com/fp/2f25b3f1434bad81bfb3c8279224c8a7-p_e.jpg", "https://photos.zillowstatic.com/fp/ad5bfd03feb5b76e5c9a127d1abaf238-p_e.jpg", "https://photos.zillowstatic.com/fp/aaa58f07d5a881ef25ed4feda8192d56-p_e.jpg", "https://photos.zillowstatic.com/fp/25df787ab93ca064f1fcd2b6658437eb-p_e.jpg", "https://photos.zillowstatic.com/fp/c1b7bf250684f08ac77aafb49fa478cb-p_e.jpg", "https://photos.zillowstatic.com/fp/349efdc88a7412884af2d277fad4d1cb-p_e.jpg", "https://photos.zillowstatic.com/fp/88d6b4245c1d8ac8d78676efe19583c7-p_e.jpg", "https://photos.zillowstatic.com/fp/d3b2c14b3a57ef6f726078b49815e62e-p_e.jpg", "https://photos.zillowstatic.com/fp/e7e93ab9d638890ceeae0ee876f6a89e-p_e.jpg", "https://photos.zillowstatic.com/fp/11a1fc3732a725e173d251fb651ad8da-p_e.jpg"], "Complete_url": "https://www.zillow.com/homedetails/16080-SW-49th-Ct-Miramar-FL-33027/61088659_zpid/", "URL": "https://www.zillow.com/homedetails/16080-SW-49th-Ct-Miramar-FL-33027/61088659_zpid/", "Structure Area": null, "Type": "SingleFamily", "Year Built": "2003", "Heating": "Forced air", "Cooling": "Central", "Parking": "No Data", "HOA": "$122 monthly", "Lot": "8,833 sqft", "Price/sqft": "", "Offer Review Date": null, "Price History": [{"date": "2019-04-26", "price": 450000, "time": 1556236800000, "pricePerSquareFoot": 129, "priceChangeRate": 0.05907272299364556, "event": "Sold", "source": "MIAMI", "buyerAgent": null, "sellerAgent": {"photo": null, "profileUrl": "/profile/LauraSolis/", "name": "LAURA SOLIS"}, "showCountyLink": false, "postingIsRental": false, "attributeSource": {"infoString1": "A10605796", "infoString2": "MIAMI", "infoString3": "https://photos.zillowstatic.com/fp/a8b02d5ac61ac8b9a11bda64382b4f89-zillow_web_logo_inf_11.jpg"}}, {"date": "2019-02-04", "price": 424900, "time": 1549238400000, "pricePerSquareFoot": 121, "priceChangeRate": 0, "event": "Pending sale", "source": "NextHome Presidential Realty", "buyerAgent": null, "sellerAgent": null, "showCountyLink": false, "postingIsRental": false, "attributeSource": {"infoString1": "A10605796", "infoString2": "NextHome Presidential Realty", "infoString3": null}}, {"date": "2019-01-23", "price": 424900, "time": 1548201600000, "pricePerSquareFoot": 121, "priceChangeRate": -0.0021183554797769857, "event": "Listed for sale", "source": "NextHome Presidential Realty", "buyerAgent": null, "sellerAgent": null, "showCountyLink": false, "postingIsRental": false, "attributeSource": {"infoString1": "A10605796", "infoString2": "NextHome Presidential Realty", "infoString3": null}}, {"date": "2018-02-08", "price": 425802, "time": 1518048000000, "pricePerSquareFoot": 122, "priceChangeRate": -0.041172205383641906, "event": "Listing removed", "source": "Auction.com", "buyerAgent": null, "sellerAgent": null, "showCountyLink": false, "postingIsRental": false, "attributeSource": {"infoString1": null, "infoString2": "Auction.com", "infoString3": null}}, {"date": "2018-01-30", "price": 444086, "time": 1517270400000, "pricePerSquareFoot": 127, "priceChangeRate": 0.054247628995691244, "event": "Listed for sale", "source": "Auction.com", "buyerAgent": null, "sellerAgent": null, "showCountyLink": false, "postingIsRental": false, "attributeSource": {"infoString1": null, "infoString2": "Auction.com", "infoString3": null}}, {"date": "2017-04-12", "price": 421235, "time": 1491955200000, "pricePerSquareFoot": 120, "priceChangeRate": -0.008858823529411764, "event": "Listing removed", "source": "Auction.com", "buyerAgent": null, "sellerAgent": null, "showCountyLink": false, "postingIsRental": false, "attributeSource": {"infoString1": null, "infoString2": "Auction.com", "infoString3": null}}, {"date": "2016-11-24", "price": null, "time": 1479945600000, "pricePerSquareFoot": 0, "priceChangeRate": 0, "event": "Listing removed", "source": "Auction.com", "buyerAgent": null, "sellerAgent": null, "showCountyLink": false, "postingIsRental": false, "attributeSource": {"infoString1": null, "infoString2": "Auction.com", "infoString3": null}}, {"date": "2016-11-01", "price": null, "time": 1477958400000, "pricePerSquareFoot": 0, "priceChangeRate": 0, "event": "Listed for sale", "source": "Auction.com", "buyerAgent": null, "sellerAgent": null, "showCountyLink": false, "postingIsRental": false, "attributeSource": {"infoString1": null, "infoString2": "Auction.com", "infoString3": null}}, {"date": "2013-10-02", "price": 2500, "time": 1380672000000, "pricePerSquareFoot": 1, "priceChangeRate": 0, "event": "Listing removed", "source": "Coral Shores Realty", "buyerAgent": null, "sellerAgent": null, "showCountyLink": false, "postingIsRental": true, "attributeSource": {"infoString1": null, "infoString2": "Coral Shores Realty", "infoString3": null}}, {"date": "2013-08-21", "price": 2500, "time": 1377043200000, "pricePerSquareFoot": 1, "priceChangeRate": 0, "event": "Listed for rent", "source": "Zillow Rental Network", "buyerAgent": null, "sellerAgent": null, "showCountyLink": false, "postingIsRental": true, "attributeSource": {"infoString1": null, "infoString2": "Zillow Rental Network", "infoString3": null}}, {"date": "2010-06-19", "price": 425000, "time": 1276905600000, "pricePerSquareFoot": 121, "priceChangeRate": 0, "event": "Listing removed", "source": "Vflyer", "buyerAgent": null, "sellerAgent": null, "showCountyLink": false, "postingIsRental": false, "attributeSource": {"infoString1": null, "infoString2": "Vflyer", "infoString3": null}}, {"date": "2010-04-23", "price": 425000, "time": 1271980800000, "pricePerSquareFoot": 121, "priceChangeRate": 0.2937595129375951, "event": "Listed for sale", "source": "Vflyer", "buyerAgent": null, "sellerAgent": null, "showCountyLink": false, "postingIsRental": false, "attributeSource": {"infoString1": null, "infoString2": "Vflyer", "infoString3": null}}, {"date": "2002-04-29", "price": 328500, "time": 1020038400000, "pricePerSquareFoot": 94, "priceChangeRate": 0, "event": "Sold", "source": "Public Record", "buyerAgent": {"photo": null, "profileUrl": "/profile/Desiree-Grant-P-A/", "name": "Desiree Grant P A"}, "sellerAgent": null, "showCountyLink": false, "postingIsRental": false, "attributeSource": {"infoString1": null, "infoString2": "Public Record", "infoString3": null}}], "Tax History": [{"time": 1715009227694, "taxPaid": 9297.18, "taxIncreaseRate": 0.023831697, "value": 473660, "valueIncreaseRate": 0.029986735}, {"time": 1683386827694, "taxPaid": 9080.77, "taxIncreaseRate": 0.0642878, "value": 459870, "valueIncreaseRate": 0.029990146}, {"time": 1651850827694, "taxPaid": 8532.25, "taxIncreaseRate": 0.014163662, "value": 446480, "valueIncreaseRate": 0.02998985}, {"time": 1620314827694, "taxPaid": 8413.09, "taxIncreaseRate": 0.0108242035, "value": 433480, "valueIncreaseRate": 0.013988304}, {"time": 1588778827694, "taxPaid": 8323, "taxIncreaseRate": -0.19606523, "value": 427500, "valueIncreaseRate": -0.10946777}, {"time": 1557156427694, "taxPaid": 10352.83, "taxIncreaseRate": 0, "value": 480050, "valueIncreaseRate": 0.03680266}, {"time": 1525620427694, "taxPaid": 10352.83, "taxIncreaseRate": 0.051663697, "value": 463010, "valueIncreaseRate": 0.045688603}, {"time": 1494084427694, "taxPaid": 9844.24, "taxIncreaseRate": 0.0554675, "value": 442780, "valueIncreaseRate": 0.045624144}, {"time": 1462548427694, "taxPaid": 9326.9, "taxIncreaseRate": 0.020780288, "value": 423460, "valueIncreaseRate": 0.099981815}, {"time": 1430926027694, "taxPaid": 9137.03, "taxIncreaseRate": 0.15717933, "value": 384970, "valueIncreaseRate": 0.09997714}, {"time": 1399390027694, "taxPaid": 7895.95, "taxIncreaseRate": 0, "value": 349980, "valueIncreaseRate": 0.099978}, {"time": 1367854027694, "taxPaid": 7895.95, "taxIncreaseRate": 0.136718, "value": 318170, "valueIncreaseRate": 0.012119862}, {"time": 1336318027694, "taxPaid": 6946.27, "taxIncreaseRate": 0.010756134, "value": 314360, "valueIncreaseRate": 0}, {"time": 1304695627694, "taxPaid": 6872.35, "taxIncreaseRate": 0.007080906, "value": 314360, "valueIncreaseRate": 0.050914317}, {"time": 1273159627694, "taxPaid": 6824.03, "taxIncreaseRate": 0.07100723, "value": 299130, "valueIncreaseRate": -0.080448814}, {"time": 1241623627694, "taxPaid": 6371.6, "taxIncreaseRate": 0.064673096, "value": 325300, "valueIncreaseRate": 0.000984676}, {"time": 1210087627694, "taxPaid": 5984.56, "taxIncreaseRate": -0.028502611, "value": 324980, "valueIncreaseRate": 0.029982252}, {"time": 1178465227694, "taxPaid": 6160.14, "taxIncreaseRate": -0.07249293, "value": 315520, "valueIncreaseRate": 0.024981322}, {"time": 1146929227694, "taxPaid": 6641.61, "taxIncreaseRate": 0, "value": 307830, "valueIncreaseRate": 0.02997959}, {"time": 1115393227694, "taxPaid": null, "taxIncreaseRate": 0, "value": 298870, "valueIncreaseRate": 0.029982423}, {"time": 1083857227694, "taxPaid": 6715.46, "taxIncreaseRate": 0.017114833, "value": 290170, "valueIncreaseRate": 0.018998455}, {"time": 1052234827694, "taxPaid": 6602.46, "taxIncreaseRate": 0, "value": 284760, "valueIncreaseRate": 0}], "Foreclosure Details": {"foreclosingBank": "US BANK NA ET AL", "foreclosureAmount": null, "foreclosureAuctionCity": null, "foreclosureAuctionDescription": "Notice of Sale", "foreclosureAuctionFilingDate": "2025-01-24 00:00:00", "foreclosureAuctionLocation": "WWW.BROWARD.REALFORECLOSE.COM", "foreclosureAuctionTime": null, "foreclosureBalanceReportingDate": null, "foreclosureDate": null, "foreclosureDefaultDescription": null, "foreclosureDefaultFilingDate": null, "foreclosureJudicialType": "Judicial", "foreclosureLoanAmount": null, "foreclosureLoanDate": null, "foreclosureLoanOriginator": "US BANK NA ET AL", "foreclosurePastDueBalance": null, "foreclosurePriorSaleAmount": 450000, "foreclosurePriorSaleDate": 1556755200000, "foreclosureUnpaidBalance": 583271, "foreclosureTypes": {"isBankOwned": false, "isForeclosedNFS": false, "isPreforeclosure": true, "isAnyForeclosure": true, "wasNonRetailAuction": true, "wasForeclosed": false, "wasREO": null, "wasDefault": null}, "foreclosureMoreInfo": {"trusteeName": null, "trusteeAddress": null, "trusteePhone": null, "legalDescription": null, "subdivision": null, "recordedDocs": [{"name": "Notice of Sale", "number": "120014548", "date": 1737705600000}], "apn": "51-40-32-07-1270"}}, "Nearby Homes": [], "Comparable Homes": []},
{"Zpid": "47814053", "Street_address": "701 Bartow St", "City": "Fort Pierce", "State": "FL", "ZipCode": "34982", "Price": null, "Beds": 3, "Baths": 2.0, "Sqr_feet": 1840, "Home_Status": "Pre-foreclosure", "Zestimate": null, "RentZestimate": 3049, "Days_on_zillow": 253, "Home_Type": "SINGLE_FAMILY", "Lat_Long": {"latitude": 27.35715, "longitude": -80.312256}, "Broker_Name": null, "Agent_name": null, "Agent_phone": null, "Event Description": "This 1840 square foot single family home has 3 bedrooms and 2.0 bathrooms. This home is located at 701 Bartow St, Fort Pierce, FL 34982.", "Listing Photos": ["https://photos.zillowstatic.com/fp/285dc519ec47b9d2013e7a11604c2f08-p_e.jpg", "https://photos.zillowstatic.com/fp/0da12b1d7cc5ec64267d7980bf24683a-p_e.jpg", "https://photos.zillowstatic.com/fp/fe5cc4ee3e324e65f4b98aa253628c61-p_e.jpg", "https://photos.zillowstatic.com/fp/399c86f4b83c5da9543a6a3ff6e4caa4-p_e.jpg", "https://photos.zillowstatic.com/fp/44a24231d81a56be0c9b78c54cea3296-p_e.jpg"], "Complete_url": "https://www.zillow.com/homedetails/701-Bartow-St-Fort-Pierce-FL-34982/47814053_zpid/", "URL": "https://www.zillow.com/homedetails/701-Bartow-St-Fort-Pierce-FL-34982/47814053_zpid/", "Structure Area": "1,840", "Type": "Single Family Residence", "Year Built": "1989", "Heating": null, "Cooling": null, "Parking": "No Data", "HOA": "", "Lot": "0.61 Acres", "Price/sqft": "", "Offer Review Date": null, "Price History": [{"date": "2025-03-25", "price": 349000, "time": 1742860800000, "pricePerSquareFoot": 190, "priceChangeRate": 0, "event": "Listing removed", "source": "BeachesMLS", "buyerAgent": null, "sellerAgent": null, "showCountyLink": false, "postingIsRental": false, "attributeSource": {"infoString1": "RX-11073649", "infoString2": "BeachesMLS", "infoString3": "https://photos.zillowstatic.com/fp/11470fbfca6bd246a8708da0ff0e5603-zillow_web_logo_inf_11.jpg"}}, {"date": "2025-03-21", "price": 349000, "time": 1742515200000, "pricePerSquareFoot": 190, "priceChangeRate": -0.26526315789473687, "event": "Listed for sale", "source": "BeachesMLS", "buyerAgent": null, "sellerAgent": null, "showCountyLink": false, "postingIsRental": false, "attributeSource": {"infoString1": "RX-11073649", "infoString2": "BeachesMLS", "infoString3": "https://photos.zillowstatic.com/fp/11470fbfca6bd246a8708da0ff0e5603-zillow_web_logo_inf_11.jpg"}}, {"date": "2024-05-08", "price": null, "time": 1715126400000, "pricePerSquareFoot": null, "priceChangeRate": 0, "event": "Listing removed", "source": "BeachesMLS", "buyerAgent": null, "sellerAgent": null, "showCountyLink": false, "postingIsRental": false, "attributeSource": {"infoString1": "RX-10955228", "infoString2": "BeachesMLS", "infoString3": "https://photos.zillowstatic.com/fp/11470fbfca6bd246a8708da0ff0e5603-zillow_web_logo_inf_11.jpg"}}, {"date": "2024-03-28", "price": 475000, "time": 1711584000000, "pricePerSquareFoot": 258, "priceChangeRate": -0.020618556701030927, "event": "Price change", "source": "BeachesMLS", "buyerAgent": null, "sellerAgent": null, "showCountyLink": false, "postingIsRental": false, "attributeSource": {"infoString1": "RX-10955228", "infoString2": "BeachesMLS", "infoString3": "https://photos.zillowstatic.com/fp/11470fbfca6bd246a8708da0ff0e5603-zillow_web_logo_inf_11.jpg"}}, {"date": "2024-02-29", "price": 485000, "time": 1709164800000, "pricePerSquareFoot": 264, "priceChangeRate": -0.020202020202020204, "event": "Price change", "source": "BeachesMLS", "buyerAgent": null, "sellerAgent": null, "showCountyLink": false, "postingIsRental": false, "attributeSource": {"infoString1": "RX-10955228", "infoString2": "BeachesMLS", "infoString3": "https://photos.zillowstatic.com/fp/11470fbfca6bd246a8708da0ff0e5603-zillow_web_logo_inf_11.jpg"}}, {"date": "2024-02-14", "price": 495000, "time": 1707868800000, "pricePerSquareFoot": 269, "priceChangeRate": 0.0534156203447542, "event": "Listed for sale", "source": "BeachesMLS", "buyerAgent": null, "sellerAgent": null, "showCountyLink": false, "postingIsRental": false, "attributeSource": {"infoString1": "RX-10955228", "infoString2": "BeachesMLS", "infoString3": "https://photos.zillowstatic.com/fp/11470fbfca6bd246a8708da0ff0e5603-zillow_web_logo_inf_11.jpg"}}, {"date": "2023-03-17", "price": null, "time": 1679011200000, "pricePerSquareFoot": null, "priceChangeRate": 0, "event": "Listing removed", "source": "BeachesMLS", "buyerAgent": null, "sellerAgent": null, "showCountyLink": false, "postingIsRental": false, "attributeSource": {"infoString1": "RX-10856359", "infoString2": "BeachesMLS", "infoString3": "https://photos.zillowstatic.com/fp/11470fbfca6bd246a8708da0ff0e5603-zillow_web_logo_inf_11.jpg"}}, {"date": "2023-01-07", "price": 469900, "time": 1673049600000, "pricePerSquareFoot": 255, "priceChangeRate": 0.06795454545454545, "event": "Listed for sale", "source": "BeachesMLS", "buyerAgent": null, "sellerAgent": null, "showCountyLink": false, "postingIsRental": false, "attributeSource": {"infoString1": "RX-10856359", "infoString2": "BeachesMLS", "infoString3": "https://photos.zillowstatic.com/fp/11470fbfca6bd246a8708da0ff0e5603-zillow_web_logo_inf_11.jpg"}}, {"date": "2022-04-06", "price": 440000, "time": 1649203200000, "pricePerSquareFoot": 239, "priceChangeRate": -0.03296703296703297, "event": "Sold", "source": "Public Record", "buyerAgent": null, "sellerAgent": null, "showCountyLink": false, "postingIsRental": false, "attributeSource": {"infoString1": null, "infoString2": "Public Record", "infoString3": null}}, {"date": "2022-03-07", "price": 455000, "time": 1646611200000, "pricePerSquareFoot": 247, "priceChangeRate": 0, "event": "Contingent", "source": "BeachesMLS", "buyerAgent": null, "sellerAgent": null, "showCountyLink": false, "postingIsRental": false, "attributeSource": {"infoString1": "RX-10774976", "infoString2": "BeachesMLS", "infoString3": "https://photos.zillowstatic.com/fp/11470fbfca6bd246a8708da0ff0e5603-zillow_web_logo_inf_11.jpg"}}, {"date": "2022-03-01", "price": 455000, "time": 1646092800000, "pricePerSquareFoot": 247, "priceChangeRate": -0.02964384730219663, "event": "Price change", "source": "BeachesMLS", "buyerAgent": null, "sellerAgent": null, "showCountyLink": false, "postingIsRental": false, "attributeSource": {"infoString1": "RX-10774976", "infoString2": "BeachesMLS", "infoString3": "https://photos.zillowstatic.com/fp/11470fbfca6bd246a8708da0ff0e5603-zillow_web_logo_inf_11.jpg"}}, {"date": "2022-02-20", "price": 468900, "time": 1645315200000, "pricePerSquareFoot": 255, "priceChangeRate": 0, "event": "Listed for sale", "source": "BeachesMLS", "buyerAgent": null, "sellerAgent": null, "showCountyLink": false, "postingIsRental": false, "attributeSource": {"infoString1": "RX-10774976", "infoString2": "BeachesMLS", "infoString3": "https://photos.zillowstatic.com/fp/11470fbfca6bd246a8708da0ff0e5603-zillow_web_logo_inf_11.jpg"}}, {"date": "2022-02-15", "price": 468900, "time": 1644883200000, "pricePerSquareFoot": 255, "priceChangeRate": 0, "event": "Contingent", "source": "BeachesMLS", "buyerAgent": null, "sellerAgent": null, "showCountyLink": false, "postingIsRental": false, "attributeSource": {"infoString1": "RX-10774976", "infoString2": "BeachesMLS", "infoString3": "https://photos.zillowstatic.com/fp/11470fbfca6bd246a8708da0ff0e5603-zillow_web_logo_inf_11.jpg"}}, {"date": "2022-02-11", "price": 468900, "time": 1644537600000, "pricePerSquareFoot": 255, "priceChangeRate": -0.0021281123643328366, "event": "Price change", "source": "BeachesMLS", "buyerAgent": null, "sellerAgent": null, "showCountyLink": false, "postingIsRental": false, "attributeSource": {"infoString1": "RX-10774976", "infoString2": "BeachesMLS", "infoString3": "https://photos.zillowstatic.com/fp/11470fbfca6bd246a8708da0ff0e5603-zillow_web_logo_inf_11.jpg"}}, {"date": "2022-02-05", "price": 469900, "time": 1644019200000, "pricePerSquareFoot": 255, "priceChangeRate": 1.9740506329113925, "event": "Listed for sale", "source": "BeachesMLS", "buyerAgent": null, "sellerAgent": null, "showCountyLink": false, "postingIsRental": false, "attributeSource": {"infoString1": "RX-10774976", "infoString2": "BeachesMLS", "infoString3": "https://photos.zillowstatic.com/fp/11470fbfca6bd246a8708da0ff0e5603-zillow_web_logo_inf_11.jpg"}}, {"date": "2013-09-13", "price": 158000, "time": 1379030400000, "pricePerSquareFoot": 86, "priceChangeRate": -0.0650887573964497, "event": "Sold", "source": "Martin County REALTORSÂ® of the Treasure Coast (MCRTC)", "buyerAgent": null, "sellerAgent": null, "showCountyLink": false, "postingIsRental": false, "attributeSource": {"infoString1": "M370250", "infoString2": "Martin County REALTORSÂ® of the Treasure Coast (MCRTC)", "infoString3": "https://photos.zillowstatic.com/fp/172c83c6a682c1927805c37fcaa90410-zillow_web_logo_inf_11.jpg"}}, {"date": "2013-08-10", "price": 169000, "time": 1376092800000, "pricePerSquareFoot": 92, "priceChangeRate": 0.06962025316455696, "event": "Price change", "source": "RE/MAX OF STUART", "buyerAgent": null, "sellerAgent": null, "showCountyLink": false, "postingIsRental": false, "attributeSource": {"infoString1": "RX-3375405", "infoString2": "RE/MAX OF STUART", "infoString3": null}}, {"date": "2013-07-06", "price": 158000, "time": 1373068800000, "pricePerSquareFoot": 86, "priceChangeRate": -0.0650887573964497, "event": "Price change", "source": "RE/MAX OF STUART", "buyerAgent": null, "sellerAgent": null, "showCountyLink": false, "postingIsRental": false, "attributeSource": {"infoString1": "370250", "infoString2": "RE/MAX OF STUART", "infoString3": null}}, {"date": "2013-06-18", "price": 169000, "time": 1371513600000, "pricePerSquareFoot": 92, "priceChangeRate": 0, "event": "Listed for sale", "source": "RE/MAX OF STUART", "buyerAgent": null, "sellerAgent": null, "showCountyLink": false, "postingIsRental": false, "attributeSource": {"infoString1": "370250", "infoString2": "RE/MAX OF STUART", "infoString3": null}}], "Tax History": [{"time": 1683386829340, "taxPaid": 6236.74, "taxIncreaseRate": 1.9820744, "value": 343900, "valueIncreaseRate": 1.5602275}, {"time": 1651850829340, "taxPaid": 2091.41, "taxIncreaseRate": 0.0043219156, "value": 134324, "valueIncreaseRate": 0.029997239}, {"time": 1620314829340, "taxPaid": 2082.41, "taxIncreaseRate": 0.0062430464, "value": 130412, "valueIncreaseRate": 0.013995583}, {"time": 1588778829340, "taxPaid": 2069.49, "taxIncreaseRate": 0, "value": 128612, "valueIncreaseRate": 0.022995362}, {"time": 1557156429340, "taxPaid": 2069.49, "taxIncreaseRate": 0.017463394, "value": 125721, "valueIncreaseRate": 0.018998679}, {"time": 1525620429340, "taxPaid": 2033.97, "taxIncreaseRate": 0.0791379, "value": 123377, "valueIncreaseRate": -0.36403608}, {"time": 1494084429340, "taxPaid": 1884.81, "taxIncreaseRate": 0.014374944, "value": 194000, "valueIncreaseRate": 0.1575179}, {"time": 1462548429340, "taxPaid": 1858.1, "taxIncreaseRate": 0.03048014, "value": 167600, "valueIncreaseRate": 0.24240178}, {"time": 1430926029340, "taxPaid": 1803.14, "taxIncreaseRate": -0.015500709, "value": 134900, "valueIncreaseRate": 0.15694682}, {"time": 1399390029340, "taxPaid": 1831.53, "taxIncreaseRate": 0, "value": 116600, "valueIncreaseRate": 0.2701525}, {"time": 1367854029340, "taxPaid": null, "taxIncreaseRate": 0, "value": 91800, "valueIncreaseRate": 0}, {"time": 1336318029340, "taxPaid": null, "taxIncreaseRate": 0, "value": 91800, "valueIncreaseRate": 0.0021834061}, {"time": 1304695629340, "taxPaid": null, "taxIncreaseRate": 0, "value": 91600, "valueIncreaseRate": -0.12176414}, {"time": 1273159629340, "taxPaid": null, "taxIncreaseRate": 0, "value": 104300, "valueIncreaseRate": -0.21164021}, {"time": 1241623629340, "taxPaid": null, "taxIncreaseRate": 0, "value": 132300, "valueIncreaseRate": -0.16222343}, {"time": 1210087629340, "taxPaid": null, "taxIncreaseRate": 0, "value": 157918, "valueIncreaseRate": 0.030003}, {"time": 1178465229340, "taxPaid": null, "taxIncreaseRate": 0, "value": 153318, "valueIncreaseRate": 0.024996825}, {"time": 1146929229340, "taxPaid": null, "taxIncreaseRate": 0, "value": 149579, "valueIncreaseRate": 0.03000234}, {"time": 1115393229340, "taxPaid": null, "taxIncreaseRate": 0, "value": 145222, "valueIncreaseRate": 0.47481415}, {"time": 1083857229340, "taxPaid": null, "taxIncreaseRate": 0, "value": 98468, "valueIncreaseRate": 0}, {"time": 1052234829340, "taxPaid": null, "taxIncreaseRate": 0, "value": null, "valueIncreaseRate": 0}, {"time": 1020698829340, "taxPaid": null, "taxIncreaseRate": 0, "value": null, "valueIncreaseRate": 0}, {"time": 989162829340, "taxPaid": null, "taxIncreaseRate": 0, "value": null, "valueIncreaseRate": 0}, {"time": 957626829340, "taxPaid": null, "taxIncreaseRate": 0, "value": null, "valueIncreaseRate": 0}], "Foreclosure Details": {"foreclosingBank": "NATIONSTAR MORTGAGE LLC", "foreclosureAmount": null, "foreclosureAuctionCity": null, "foreclosureAuctionDescription": "Notice of Sale", "foreclosureAuctionFilingDate": "2024-08-26 00:00:00", "foreclosureAuctionLocation": "WWW.STLUCIE.REALFORECLOSE.COM", "foreclosureAuctionTime": null, "foreclosureBalanceReportingDate": null, "foreclosureDate": null, "foreclosureDefaultDescription": null, "foreclosureDefaultFilingDate": null, "foreclosureJudicialType": "Judicial", "foreclosureLoanAmount": null, "foreclosureLoanDate": null, "foreclosureLoanOriginator": "NATIONSTAR MORTGAGE LLC", "foreclosurePastDueBalance": null, "foreclosurePriorSaleAmount": 440000, "foreclosurePriorSaleDate": 1649203200000, "foreclosureUnpaidBalance": 467053, "foreclosureTypes": {"isBankOwned": false, "isForeclosedNFS": false, "isPreforeclosure": true, "isAnyForeclosure": true, "wasNonRetailAuction": true, "wasForeclosed": false, "wasREO": null, "wasDefault": null}, "foreclosureMoreInfo": {"trusteeName": null, "trusteeAddress": null, "trusteePhone": null, "legalDescription": null, "subdivision": "INDIAN RIVER ESTATES UNIT SIX", "recordedDocs": [{"name": "Notice of Sale", "number": "5378377", "date": 1724655600000}], "apn": "3402-607-0088-000-6"}}, "Nearby Homes": [], "Comparable Homes": []},
{"Zpid": "47535184", "Street_address": "4005 Casey Key Rd", "City": "Nokomis", "State": "FL", "ZipCode": "34275", "Price": "$11,900,000", "Beds": 6, "Baths": 7.0, "Sqr_feet": 7977, "Home_Status": "New construction", "Zestimate": null, "RentZestimate": null, "Days_on_zillow": 13, "Home_Type": "SINGLE_FAMILY", "Lat_Long": {"latitude": 27.178337, "longitude": -82.498024}, "Broker_Name": "COLDWELL BANKER REALTY", "Agent_name": "Jennifer Zales", "Agent_phone": "813-758-3443", "Event Description": "WELCOME TO ONE OF THE FEW BRAND-NEW GULF FRONT HOMES FOR SALE ON THE WEST CENTRAL COAST OF FLORIDA. A rare and extraordinary offering, where cutting-edge design meets endless sea-to-sky vistas. Nestled on the exclusive barrier island of Casey Key, this newly constructed Modern Coastal estate by Modesta Homes defines luxury beachfront living. Positioned directly on the sand with unobstructed Gulf views, this striking residence offers 7,977 square feet of elevated, FEMA-compliant living space, showcasing the pinnacle of craftsmanship and architectural innovation. Built to the highest standards with concrete block construction, pilings, impact-rated windows and doors, and a four-stop elevator, every detail of this home has been thoughtfully curated for style, function, and resilience. Inside, soaring 24-foot ceilings welcome you into the grand foyer and great room, anchored by a dramatic floating staircase and a 24-foot feature fireplace wall. With 6 spacious en-suite bedrooms, state-of-the-art home theater, lounge, bar, and a wine wall, this home offers both grand entertaining and serene retreat. The chef’s kitchen is a design showpiece, featuring European cabinetry, dual waterfall-edge islands clad in book-matched 3cm quartz, and premium Sub-Zero & Wolf appliances. Dual laundry rooms, breakfast nook, and custom built-in vanities provide elevated everyday living. The primary suite is a private sanctuary, complete with a spa-like bathroom featuring a 71-inch freestanding tub, dual rainfall showers, a makeup vanity, and a 400 sq ft walk-in closet. Every bathroom throughout the home is appointed with bespoke cabinetry, quartz surfaces, and backlit mirrors. Designed to impress from every angle, the home is finished with smooth stucco, level 5 drywall, hardwood floors, imported tile, and integrated LED tray ceilings. A sleek rooftop terrace crowns the home, offering panoramic views of the Gulf and beyond. Step outside to your private resort: an expansive terrace with an oceanfront pool, floating spa, sun decks, outdoor fireplace, and fully equipped kitchen. Lush, tropical landscaping, Zoysia grass, and a concrete drive with turf inlays complete the impeccable exterior design. Sleek metal railings accentuate balconies and the rooftop for a modern edge. Set on a half-acre of prime waterfront, this property also includes deeded bay access across the street. This is coastal modern luxury at its finest—a rare opportunity to own a brand-new, Gulf-front estate on one of Sarasota’s most coveted stretches of sand.", "Listing Photos": ["https://photos.zillowstatic.com/fp/552a8b12ea8f89ffd2aad6d3c4daad72-p_e.jpg", "https://photos.zillowstatic.com/fp/93ad7aac01c19ebfe33089cb93218035-p_e.jpg", "https://photos.zillowstatic.com/fp/cc1d73b4a5e3f30ba3f9d01dcdf22c2d-p_e.jpg", "https://photos.zillowstatic.com/fp/ef5210fd11fcaed0d7d77b446621b9f2-p_e.jpg", "https://photos.zillowstatic.com/fp/7bcab17085c6aa84628aee9ec4a49045-p_e.jpg", "https://photos.zillowstatic.com/fp/2453acba3d35b11be68867576119f6e6-p_e.jpg", "https://photos.zillowstatic.com/fp/56bf9f136722a7ffbffcc30c37365892-p_e.jpg", "https://photos.zillowstatic.com/fp/70d0813711c21e92c22d11b2f90f3865-p_e.jpg", "https://photos.zillowstatic.com/fp/4ac9b93bf6e6b336afcc9a99ab8d64ff-p_e.jpg", "https://photos.zillowstatic.com/fp/aa234d0cdb7895e48b256b5be59e6311-p_e.jpg", "https://photos.zillowstatic.com/fp/541dd6ba42ab8b2028955cd566a688ed-p_e.jpg", "https://photos.zillowstatic.com/fp/f817160c408c8b2e7ba2326349b4f381-p_e.jpg", "https://photos.zillowstatic.com/fp/5640b6ad93625a23681ab98554da2ebc-p_e.jpg", "https://photos.zillowstatic.com/fp/0439b9feed6a3e912825aa242570cff5-p_e.jpg", "https://photos.zillowstatic.com/fp/084a56ee60ec1b013bf52e1cbe728fd1-p_e.jpg", "https://photos.zillowstatic.com/fp/0d7c04a7eb1bc2dead1f06fa2033661f-p_e.jpg", "https://photos.zillowstatic.com/fp/d5bac03681a77defff0dfadff2404f63-p_e.jpg", "https://photos.zillowstatic.com/fp/b298cc30538cc70a5bf6f5e7f90ae36c-p_e.jpg", "https://photos.zillowstatic.com/fp/1b7a54ef9c534ac62432572095b86ce4-p_e.jpg", "https://photos.zillowstatic.com/fp/70aef1a59bb40ec58dbccf40a44f226e-p_e.jpg", "https://photos.zillowstatic.com/fp/8be8efbc0266ab8046ee5ad103096c44-p_e.jpg", "https://photos.zillowstatic.com/fp/10f7d402789282e46ae290761670f4a4-p_e.jpg", "https://photos.zillowstatic.com/fp/2380eb9f649d2a0019c192f78f98e57f-p_e.jpg", "https://photos.zillowstatic.com/fp/8ec70fb0cec644ae44d458bbb77179a9-p_e.jpg", "https://photos.zillowstatic.com/fp/31632fc6eaad875ad9731aecbef0b9c4-p_e.jpg", "https://photos.zillowstatic.com/fp/c5c3a8ca8dd6682c2b58154d1814f2f0-p_e.jpg", "https://photos.zillowstatic.com/fp/ddd33b8abf0a887fab0630fff0b9d6e2-p_e.jpg", "https://photos.zillowstatic.com/fp/719ad6af46c1f1a572f5fbc27c89ecd5-p_e.jpg", "https://photos.zillowstatic.com/fp/c78ca661b2cd2fa31487690ea7fd98ef-p_e.jpg", "https://photos.zillowstatic.com/fp/fd3ef8f568187ee4690e7f1fbf75498b-p_e.jpg", "https://photos.zillowstatic.com/fp/3ed548e616a95ab66ada51edc0cab759-p_e.jpg", "https://photos.zillowstatic.com/fp/1ac7069fc94596d801307f14c91c685e-p_e.jpg", "https://photos.zillowstatic.com/fp/e3a274bbbce58a5a821db340480bfd40-p_e.jpg", "https://photos.zillowstatic.com/fp/3fb77b43466f1adb1ad366eb0b519f53-p_e.jpg", "https://photos.zillowstatic.com/fp/1e1ce661d62f5f14de966b82c4966938-p_e.jpg", "https://photos.zillowstatic.com/fp/4ce4940a0aaeb5a880e8536eb941c125-p_e.jpg", "https://photos.zillowstatic.com/fp/b576714f5a1ebe2a629792db3dbe765f-p_e.jpg", "https://photos.zillowstatic.com/fp/45a078f780728fcf3a409168dc86f547-p_e.jpg", "https://photos.zillowstatic.com/fp/4035597ddb0845e2031387a2740233b5-p_e.jpg", "https://photos.zillowstatic.com/fp/ca4a297ae543838be87b218563625065-p_e.jpg", "https://photos.zillowstatic.com/fp/bb124fc39a08568e4e4c25230fb0eabb-p_e.jpg", "https://photos.zillowstatic.com/fp/141683f15652a8b59b3a4ac00fc53b17-p_e.jpg", "https://photos.zillowstatic.com/fp/2a708073af9021da1ae86b4a5227c8ca-p_e.jpg", "https://photos.zillowstatic.com/fp/3b588b9967504769cda6e4043e132fb9-p_e.jpg", "https://photos.zillowstatic.com/fp/1cb9134910014392446f08275c5cc0a5-p_e.jpg", "https://photos.zillowstatic.com/fp/3f0ade117e9f43a5fca74b1ec1ad8934-p_e.jpg", "https://photos.zillowstatic.com/fp/664b9c82f3b904c62d3fcd569f696c31-p_e.jpg", "https://photos.zillowstatic.com/fp/2c9747a80949de8b498cd549bd596554-p_e.jpg", "https://photos.zillowstatic.com/fp/ea9ef107a7b94805e16d669c732e16c8-p_e.jpg", "https://photos.zillowstatic.com/fp/b227d532369aca2fba9552c027577f80-p_e.jpg", "https://photos.zillowstatic.com/fp/4b20f6a5a07f6625349af8b51ef7d1cc-p_e.jpg", "https://photos.zillowstatic.com/fp/e2b6112cd125ca512f163c5097fe5ac8-p_e.jpg", "https://photos.zillowstatic.com/fp/5396a92838a796071c4c19a54def0d7b-p_e.jpg", "https://photos.zillowstatic.com/fp/e38ffb77c87220a217140cc6a2d7e6c0-p_e.jpg", "https://photos.zillowstatic.com/fp/3cc9f71b35f34493926581e16c5f0e07-p_e.jpg", "https://photos.zillowstatic.com/fp/cb68c692f05eeb54947ea9f1fd477726-p_e.jpg", "https://photos.zillowstatic.com/fp/c7646a4659179666c81fcdb929938c9c-p_e.jpg", "https://photos.zillowstatic.com/fp/9dde4192c7a3e2ab4fd82592757295cd-p_e.jpg", "https://photos.zillowstatic.com/fp/e6243eab9d34f874eaf736118aa0eccf-p_e.jpg", "https://photos.zillowstatic.com/fp/e0c6c91f4e0f746b8fa38a90056cc29e-p_e.jpg", "https://photos.zillowstatic.com/fp/b24ec528f30fe00bfcf16a1ee54b954a-p_e.jpg", "https://photos.zillowstatic.com/fp/4989bd123d3f5abee5b6e2a655259286-p_e.jpg", "https://photos.zillowstatic.com/fp/e5a0b85821ce881ae6267a0ab1518e01-p_e.jpg", "https://photos.zillowstatic.com/fp/f210270114d46533350fe998210e5c17-p_e.jpg", "https://photos.zillowstatic.com/fp/b714df78ec26346839568e49993bc67a-p_e.jpg", "https://photos.zillowstatic.com/fp/7be58805a9fe487bd389504600957a37-p_e.jpg", "https://photos.zillowstatic.com/fp/001d6333f25470db48efcc9956c970ad-p_e.jpg", "https://photos.zillowstatic.com/fp/b8e9b370194dbdd85b7ef2d89996addd-p_e.jpg", "https://photos.zillowstatic.com/fp/6dc6e9a542497080075ab98185ca5fd8-p_e.jpg", "https://photos.zillowstatic.com/fp/f626cbd4ad4c7257c5b9a9c89c1e4f7b-p_e.jpg", "https://photos.zillowstatic.com/fp/d13b023f8338dcef653be333ed2bd039-p_e.jpg", "https://photos.zillowstatic.com/fp/6a28579aa81fb65914f6f9cef7fde27d-p_e.jpg", "https://photos.zillowstatic.com/fp/3f3d3f19c4b0f743e611d7820d9966c2-p_e.jpg", "https://photos.zillowstatic.com/fp/cb6e82e70b254d4e7a9bd9af67b776db-p_e.jpg", "https://photos.zillowstatic.com/fp/58fe0456dc1f2960d15ec859237153bb-p_e.jpg", "https://photos.zillowstatic.com/fp/e882cf75bb39c0f5c8a3b081fb72ac76-p_e.jpg", "https://photos.zillowstatic.com/fp/13653ff75dbb57c79e3b5fd20f823d98-p_e.jpg", "https://photos.zillowstatic.com/fp/0940ee33001c26eabc5e7f610bae219a-p_e.jpg", "https://photos.zillowstatic.com/fp/f77ad79aea23212dc08f92844e32f70b-p_e.jpg", "https://photos.zillowstatic.com/fp/e85f41414cc3f27862f9157905066682-p_e.jpg", "https://photos.zillowstatic.com/fp/e7b8c4ef193843e7567a3898b39f487e-p_e.jpg", "https://photos.zillowstatic.com/fp/6d976f507fc7c781e71002052f12907c-p_e.jpg", "https://photos.zillowstatic.com/fp/fa521d5e18d51410c00ff73e8adfb2d6-p_e.jpg", "https://photos.zillowstatic.com/fp/6a0d251f7a6b384f463fc0cc64139f10-p_e.jpg"], "Complete_url": "https://www.zillow.com/homedetails/4005-Casey-Key-Rd-Nokomis-FL-34275/47535184_zpid/", "URL": "https://www.zillow.com/homedetails/4005-Casey-Key-Rd-Nokomis-FL-34275/47535184_zpid/", "Structure Area": "13,671", "Type": "Single Family Residence", "Year Built": "2025", "Heating": "Central, Electric, Propane", "Cooling": "Central Air", "Parking": "10 Attached Garage spaces", "HOA": "", "Lot": "0.47 Acres", "Price/sqft": "$1,492", "Offer Review Date": null, "Price History": [{"date": "2025-04-22", "time": 1745280000000, "price": 11900000, "pricePerSquareFoot": 1492, "priceChangeRate": 3.594771998918877, "event": "Listed for sale", "source": "Stellar MLS", "buyerAgent": null, "sellerAgent": null, "showCountyLink": false, "postingIsRental": false, "attributeSource": {"infoString1": "TB8353888", "infoString2": "Stellar MLS", "infoString3": "https://photos.zillowstatic.com/fp/e39375731b4bce0deb161dcc85f92017-zillow_web_logo_inf_11.jpg"}}, {"date": "2024-07-12", "time": 1720742400000, "price": 2589900, "pricePerSquareFoot": 325, "priceChangeRate": -0.29622282608695655, "event": "Listing removed", "source": "Stellar MLS", "buyerAgent": null, "sellerAgent": null, "showCountyLink": false, "postingIsRental": false, "attributeSource": {"infoString1": "A4425609", "infoString2": "Stellar MLS", "infoString3": "https://photos.zillowstatic.com/fp/e39375731b4bce0deb161dcc85f92017-zillow_web_logo_inf_11.jpg"}}, {"date": "2023-06-14", "time": 1686700800000, "price": null, "pricePerSquareFoot": null, "priceChangeRate": 0, "event": "Listing removed", "source": "Stellar MLS", "buyerAgent": null, "sellerAgent": null, "showCountyLink": false, "postingIsRental": false, "attributeSource": {"infoString1": "N6123734", "infoString2": "Stellar MLS", "infoString3": "https://photos.zillowstatic.com/fp/e39375731b4bce0deb161dcc85f92017-zillow_web_logo_inf_11.jpg"}}, {"date": "2022-11-01", "time": 1667260800000, "price": 3680000, "pricePerSquareFoot": 461, "priceChangeRate": -0.07769423558897243, "event": "Listed for sale", "source": "Stellar MLS", "buyerAgent": null, "sellerAgent": null, "showCountyLink": false, "postingIsRental": false, "attributeSource": {"infoString1": "N6123734", "infoString2": "Stellar MLS", "infoString3": "https://photos.zillowstatic.com/fp/e39375731b4bce0deb161dcc85f92017-zillow_web_logo_inf_11.jpg"}}, {"date": "2022-08-12", "time": 1660262400000, "price": null, "pricePerSquareFoot": null, "priceChangeRate": 0, "event": "Listing removed", "source": "Stellar MLS", "buyerAgent": null, "sellerAgent": null, "showCountyLink": false, "postingIsRental": false, "attributeSource": {"infoString1": "A4526007", "infoString2": "Stellar MLS", "infoString3": "https://photos.zillowstatic.com/fp/e39375731b4bce0deb161dcc85f92017-zillow_web_logo_inf_11.jpg"}}, {"date": "2022-05-05", "time": 1651708800000, "price": 3990000, "pricePerSquareFoot": 500, "priceChangeRate": 0.09315068493150686, "event": "Listed for sale", "source": "Stellar MLS", "buyerAgent": null, "sellerAgent": null, "showCountyLink": false, "postingIsRental": false, "attributeSource": {"infoString1": "A4526007", "infoString2": "Stellar MLS", "infoString3": "https://photos.zillowstatic.com/fp/e39375731b4bce0deb161dcc85f92017-zillow_web_logo_inf_11.jpg"}}, {"date": "2022-03-09", "time": 1646784000000, "price": null, "pricePerSquareFoot": null, "priceChangeRate": 0, "event": "Listing removed", "source": "Stellar MLS", "buyerAgent": null, "sellerAgent": null, "showCountyLink": false, "postingIsRental": false, "attributeSource": {"infoString1": "A4526007", "infoString2": "Stellar MLS", "infoString3": "https://photos.zillowstatic.com/fp/e39375731b4bce0deb161dcc85f92017-zillow_web_logo_inf_11.jpg"}}, {"date": "2022-02-25", "time": 1645747200000, "price": 3650000, "pricePerSquareFoot": 458, "priceChangeRate": 0, "event": "Pending sale", "source": "Stellar MLS", "buyerAgent": null, "sellerAgent": null, "showCountyLink": false, "postingIsRental": false, "attributeSource": {"infoString1": "A4526007", "infoString2": "Stellar MLS", "infoString3": "https://photos.zillowstatic.com/fp/e39375731b4bce0deb161dcc85f92017-zillow_web_logo_inf_11.jpg"}}, {"date": "2022-02-22", "time": 1645488000000, "price": 3650000, "pricePerSquareFoot": 458, "priceChangeRate": 0.4897959183673469, "event": "Listed for sale", "source": "Stellar MLS", "buyerAgent": null, "sellerAgent": null, "showCountyLink": false, "postingIsRental": false, "attributeSource": {"infoString1": "A4526007", "infoString2": "Stellar MLS", "infoString3": "https://photos.zillowstatic.com/fp/e39375731b4bce0deb161dcc85f92017-zillow_web_logo_inf_11.jpg"}}, {"date": "2021-05-25", "time": 1621900800000, "price": 2450000, "pricePerSquareFoot": 307, "priceChangeRate": -0.05401752963434882, "event": "Sold", "source": "Public Record", "buyerAgent": null, "sellerAgent": null, "showCountyLink": false, "postingIsRental": false, "attributeSource": {"infoString1": null, "infoString2": "Public Record", "infoString3": null}}, {"date": "2021-05-03", "time": 1620000000000, "price": 2589900, "pricePerSquareFoot": 325, "priceChangeRate": 0, "event": "Pending sale", "source": "Stellar MLS", "buyerAgent": null, "sellerAgent": null, "showCountyLink": false, "postingIsRental": false, "attributeSource": {"infoString1": "A4425609", "infoString2": "Stellar MLS", "infoString3": "https://photos.zillowstatic.com/fp/e39375731b4bce0deb161dcc85f92017-zillow_web_logo_inf_11.jpg"}}, {"date": "2021-05-03", "time": 1620000000000, "price": 2589900, "pricePerSquareFoot": 325, "priceChangeRate": 0, "event": "Listed for sale", "source": "Stellar MLS", "buyerAgent": null, "sellerAgent": null, "showCountyLink": false, "postingIsRental": false, "attributeSource": {"infoString1": "A4425609", "infoString2": "Stellar MLS", "infoString3": "https://photos.zillowstatic.com/fp/e39375731b4bce0deb161dcc85f92017-zillow_web_logo_inf_11.jpg"}}, {"date": "2021-03-27", "time": 1616803200000, "price": 2589900, "pricePerSquareFoot": 325, "priceChangeRate": 0, "event": "Pending sale", "source": "Stellar MLS", "buyerAgent": null, "sellerAgent": null, "showCountyLink": false, "postingIsRental": false, "attributeSource": {"infoString1": "A4425609", "infoString2": "Stellar MLS", "infoString3": "https://photos.zillowstatic.com/fp/e39375731b4bce0deb161dcc85f92017-zillow_web_logo_inf_11.jpg"}}, {"date": "2021-03-19", "time": 1616112000000, "price": 2589900, "pricePerSquareFoot": 325, "priceChangeRate": 0, "event": "Listed for sale", "source": "Stellar MLS", "buyerAgent": null, "sellerAgent": null, "showCountyLink": false, "postingIsRental": false, "attributeSource": {"infoString1": "A4425609", "infoString2": "Stellar MLS", "infoString3": "https://photos.zillowstatic.com/fp/e39375731b4bce0deb161dcc85f92017-zillow_web_logo_inf_11.jpg"}}, {"date": "2021-03-14", "time": 1615680000000, "price": 2589900, "pricePerSquareFoot": 325, "priceChangeRate": 0, "event": "Pending sale", "source": "Stellar MLS", "buyerAgent": null, "sellerAgent": null, "showCountyLink": false, "postingIsRental": false, "attributeSource": {"infoString1": "A4425609", "infoString2": "Stellar MLS", "infoString3": "https://photos.zillowstatic.com/fp/e39375731b4bce0deb161dcc85f92017-zillow_web_logo_inf_11.jpg"}}, {"date": "2021-01-21", "time": 1611187200000, "price": 2589900, "pricePerSquareFoot": 325, "priceChangeRate": 0, "event": "Listed for sale", "source": "Stellar MLS", "buyerAgent": null, "sellerAgent": null, "showCountyLink": false, "postingIsRental": false, "attributeSource": {"infoString1": "A4425609", "infoString2": "Stellar MLS", "infoString3": "https://photos.zillowstatic.com/fp/e39375731b4bce0deb161dcc85f92017-zillow_web_logo_inf_11.jpg"}}, {"date": "2021-01-01", "time": 1609459200000, "price": null, "pricePerSquareFoot": null, "priceChangeRate": 0, "event": "Listing removed", "source": "Keller Williams via MLS", "buyerAgent": null, "sellerAgent": null, "showCountyLink": false, "postingIsRental": false, "attributeSource": {"infoString1": null, "infoString2": "Keller Williams via MLS", "infoString3": "https://photos.zillowstatic.com/fp/1b13225b9bf5c28c938d37bc488c4b2c-zillow_web_logo_inf_11.jpg"}}, {"date": "2020-07-20", "time": 1595203200000, "price": 4500, "pricePerSquareFoot": 1, "priceChangeRate": 0, "event": "Listing removed", "source": "KELLER WILLIAMS ON THE WATER", "buyerAgent": null, "sellerAgent": null, "showCountyLink": false, "postingIsRental": true, "attributeSource": {"infoString1": "A4467874", "infoString2": "KELLER WILLIAMS ON THE WATER", "infoString3": null}}, {"date": "2020-06-06", "time": 1591401600000, "price": 4500, "pricePerSquareFoot": 1, "priceChangeRate": 0, "event": "Listed for rent", "source": "KELLER WILLIAMS ON THE WATER", "buyerAgent": null, "sellerAgent": null, "showCountyLink": false, "postingIsRental": true, "attributeSource": {"infoString1": "A4467874", "infoString2": "KELLER WILLIAMS ON THE WATER", "infoString3": null}}, {"date": "2020-02-04", "time": 1580774400000, "price": 2589900, "pricePerSquareFoot": 325, "priceChangeRate": -3.861003861003861e-05, "event": "Price change", "source": "KELLER WILLIAMS ON THE WATER", "buyerAgent": null, "sellerAgent": null, "showCountyLink": false, "postingIsRental": false, "attributeSource": {"infoString1": "A4425609", "infoString2": "KELLER WILLIAMS ON THE WATER", "infoString3": null}}, {"date": "2020-01-20", "time": 1579478400000, "price": 2590000, "pricePerSquareFoot": 325, "priceChangeRate": -0.022641509433962263, "event": "Price change", "source": "KELLER WILLIAMS ON THE WATER", "buyerAgent": null, "sellerAgent": null, "showCountyLink": false, "postingIsRental": false, "attributeSource": {"infoString1": "A4425609", "infoString2": "KELLER WILLIAMS ON THE WATER", "infoString3": null}}, {"date": "2019-10-23", "time": 1571788800000, "price": 2650000, "pricePerSquareFoot": 332, "priceChangeRate": -0.03636363636363636, "event": "Price change", "source": "KELLER WILLIAMS ON THE WATER", "buyerAgent": null, "sellerAgent": null, "showCountyLink": false, "postingIsRental": false, "attributeSource": {"infoString1": "A4425609", "infoString2": "KELLER WILLIAMS ON THE WATER", "infoString3": null}}, {"date": "2019-07-18", "time": 1563408000000, "price": 2750000, "pricePerSquareFoot": 345, "priceChangeRate": -0.04844290657439446, "event": "Price change", "source": "GULF BAY REALTY OF ANNA MARIA", "buyerAgent": null, "sellerAgent": null, "showCountyLink": false, "postingIsRental": false, "attributeSource": {"infoString1": "A4425609", "infoString2": "GULF BAY REALTY OF ANNA MARIA", "infoString3": null}}, {"date": "2019-01-30", "time": 1548806400000, "price": 2890000, "pricePerSquareFoot": 362, "priceChangeRate": -0.19699916643512086, "event": "Listed for sale", "source": "GULF BAY REALTY OF ANNA MARIA", "buyerAgent": null, "sellerAgent": null, "showCountyLink": false, "postingIsRental": false, "attributeSource": {"infoString1": "A4425609", "infoString2": "GULF BAY REALTY OF ANNA MARIA", "infoString3": null}}, {"date": "2012-01-16", "time": 1326672000000, "price": 3599000, "pricePerSquareFoot": 451, "priceChangeRate": 0, "event": "Listing removed", "source": "Real Estate On The Internet.Biz", "buyerAgent": null, "sellerAgent": null, "showCountyLink": false, "postingIsRental": false, "attributeSource": {"infoString1": null, "infoString2": "Real Estate On The Internet.Biz", "infoString3": null}}, {"date": "2011-06-05", "time": 1307232000000, "price": 3599000, "pricePerSquareFoot": 451, "priceChangeRate": 0.8503856041131106, "event": "Listed for sale", "source": "Real Estate On The Internet.Biz", "buyerAgent": null, "sellerAgent": null, "showCountyLink": false, "postingIsRental": false, "attributeSource": {"infoString1": null, "infoString2": "Real Estate On The Internet.Biz", "infoString3": null}}, {"date": "2008-10-03", "time": 1222992000000, "price": 1945000, "pricePerSquareFoot": 244, "priceChangeRate": 0, "event": "Sold", "source": "Public Record", "buyerAgent": {"photo": {"url": "https://photos.zillowstatic.com/h_e/ISr5x6kjpbv1po1000000000.jpg"}, "profileUrl": "/profile/TonnaGruber/", "name": "Tonna Gruber"}, "sellerAgent": null, "showCountyLink": false, "postingIsRental": false, "attributeSource": {"infoString1": null, "infoString2": "Public Record", "infoString3": null}}], "Tax History": [{"time": 1715009261004, "taxPaid": 24113.13, "taxIncreaseRate": -0.0033697227, "value": 2098000, "valueIncreaseRate": 0.048816457}, {"time": 1683386861004, "taxPaid": 24194.66, "taxIncreaseRate": 0.13700771, "value": 2000350, "valueIncreaseRate": 0.1}, {"time": 1651850861004, "taxPaid": 21279.24, "taxIncreaseRate": -0.049414355, "value": 1818500, "valueIncreaseRate": 0.0051403935}, {"time": 1620314861004, "taxPaid": 22385.4, "taxIncreaseRate": 0.032328315, "value": 1809200, "valueIncreaseRate": 0.056220446}, {"time": 1588778861004, "taxPaid": 21684.38, "taxIncreaseRate": 0.0051555126, "value": 1712900, "valueIncreaseRate": 5.8383932e-05}, {"time": 1557156461004, "taxPaid": 21573.16, "taxIncreaseRate": 0, "value": 1712800, "valueIncreaseRate": -0.17669679}, {"time": 1525620461004, "taxPaid": 21573.16, "taxIncreaseRate": -0.17575005, "value": 2080400, "valueIncreaseRate": 0.05145052}, {"time": 1494084461004, "taxPaid": 26173.08, "taxIncreaseRate": 0.12257154, "value": 1978600, "valueIncreaseRate": 0.063877836}, {"time": 1462548461004, "taxPaid": 23315.29, "taxIncreaseRate": 0, "value": 1859800, "valueIncreaseRate": 0.071622014}, {"time": 1430926061004, "taxPaid": 23315.29, "taxIncreaseRate": -0.029850235, "value": 1735500, "valueIncreaseRate": 0.14539334}, {"time": 1399390061004, "taxPaid": 24032.67, "taxIncreaseRate": 0.15485662, "value": 1515200, "valueIncreaseRate": 0}, {"time": 1367854061004, "taxPaid": 20810.09, "taxIncreaseRate": 0.051997565, "value": 1515200, "valueIncreaseRate": 0.044475693}, {"time": 1336318061004, "taxPaid": 19781.5, "taxIncreaseRate": 0.12037768, "value": 1450680, "valueIncreaseRate": 0.1}, {"time": 1304695661004, "taxPaid": 17656.1, "taxIncreaseRate": -0.04542012, "value": 1318800, "valueIncreaseRate": -0.01728763}, {"time": 1273159661004, "taxPaid": 18496.2, "taxIncreaseRate": -0.13057664, "value": 1342000, "valueIncreaseRate": -0.18190685}, {"time": 1241623661004, "taxPaid": 21274.1, "taxIncreaseRate": 0, "value": 1640400, "valueIncreaseRate": -0.03796812}, {"time": 1210087661004, "taxPaid": 21274.1, "taxIncreaseRate": 0.017150005, "value": 1705141, "valueIncreaseRate": 0.029999813}, {"time": 1178465261004, "taxPaid": 20915.4, "taxIncreaseRate": 0, "value": 1655477, "valueIncreaseRate": 0.024999691}, {"time": 1146929261004, "taxPaid": null, "taxIncreaseRate": 0, "value": 1615100, "valueIncreaseRate": 0.030000165}, {"time": 1115393261004, "taxPaid": null, "taxIncreaseRate": 0, "value": 1568058, "valueIncreaseRate": 0.030000275}, {"time": 1083857261004, "taxPaid": 22235.1, "taxIncreaseRate": -0.013211903, "value": 1522386, "valueIncreaseRate": 0.019}, {"time": 1052234861004, "taxPaid": 22532.8, "taxIncreaseRate": 0.21780486, "value": 1494000, "valueIncreaseRate": 0.22660099}, {"time": 1020698861004, "taxPaid": 18502.8, "taxIncreaseRate": 0.17474371, "value": 1218000, "valueIncreaseRate": 0.1165093}, {"time": 989162861004, "taxPaid": 15750.5, "taxIncreaseRate": 0.26991487, "value": 1090900, "valueIncreaseRate": 0.28583217}, {"time": 957626861004, "taxPaid": 12402.8, "taxIncreaseRate": 0, "value": 848400, "valueIncreaseRate": 0}], "Foreclosure Details": {"foreclosingBank": "", "foreclosureAmount": "", "foreclosureAuctionCity": "", "foreclosureAuctionDescription": "", "foreclosureAuctionFilingDate": "", "foreclosureAuctionLocation": "", "foreclosureAuctionTime": "", "foreclosureBalanceReportingDate": "", "foreclosureDate": "", "foreclosureDefaultDescription": "", "foreclosureDefaultFilingDate": "", "foreclosureJudicialType": "", "foreclosureLoanAmount": "", "foreclosureLoanDate": "", "foreclosureLoanOriginator": "", "foreclosurePastDueBalance": "", "foreclosurePriorSaleAmount": "", "foreclosurePriorSaleDate": "", "foreclosureUnpaidBalance": "", "foreclosureTypes": null, "foreclosureMoreInfo": null}, "Nearby Homes": [], "Comparable Homes": []},
{"Zpid": "45877187", "Street_address": "16890 E Fort King St", "City": "Silver Springs", "State": "FL", "ZipCode": "34488", "Price": "$20K", "Beds": 2, "Baths": 2.0, "Sqr_feet": 1324, "Home_Status": "Auction", "Zestimate": null, "RentZestimate": null, "Days_on_zillow": 12, "Home_Type": "MANUFACTURED", "Lat_Long": {"latitude": 29.186525, "longitude": -81.87327}, "Broker_Name": "TRANZON DRIGGERS", "Agent_name": "Kevin Weinsheimer", "Agent_phone": "877-374-4437", "Event Description": "Auction Property. LIST PRICE IS FOR MLS PURPOSES ONLY. ACTUAL PRICE TO BE DETERMINED AT AUCTION. ONLINE AUCTION ENDS MAY 14 AT 11 AM ET. Investor Special - 2BR/1.5BA manufactured home on .26+/- AC. Partially fenced lot with a circular driveway and paved road frontage. Silver Springs State Park is 3± miles away, famous for its glass bottom boat tours, crystal-clear springs, and kayaking. Juniper Springs Recreation Area is 12± miles away offering swimming, camping and scenic hiking trails. Opportunity knocks in Silver Springs. This is a unique chance to acquire property near the Ocala National Forest and just a short drive to amenities and recreational opportunities. The 2 bedroom, 1.5 bathroom manufactured home with 1,324± sf living area is in need of repair or could offer a blank slate for your vision. Existing well and septic tank connections already in place. Explore the possibilities this .26± acre partially fenced lot with a circular driveway and paved road frontage has to offer. Due diligence and drive-bys are encouraged. It’s a great fit for an investor or anyone looking to take on a project. Property #: DG1477. Bid online May 7 - 14. Price determined at auction. 10% Buyer's Premium.", "Listing Photos": ["https://photos.zillowstatic.com/fp/33871b7bf821396a175decc9ec53f7cf-p_e.jpg", "https://photos.zillowstatic.com/fp/2acc5487e8135cbd076f4005812d37f3-p_e.jpg", "https://photos.zillowstatic.com/fp/d17756d112e22f6af6a101883be657cf-p_e.jpg", "https://photos.zillowstatic.com/fp/1ff450e804299a6f95e2bd85c8d0bb21-p_e.jpg", "https://photos.zillowstatic.com/fp/ca2581e5faf35e817a3fc53173e22467-p_e.jpg", "https://photos.zillowstatic.com/fp/2df4ebaaf206e3c5dff14dbe3032a9c1-p_e.jpg", "https://photos.zillowstatic.com/fp/3e18bf81599cab3db09a252aaa186c94-p_e.jpg", "https://photos.zillowstatic.com/fp/532f73e700e97de92c6b9166b5d2da29-p_e.jpg", "https://photos.zillowstatic.com/fp/7c9526429ea8575f0978997a6d23e1bb-p_e.jpg", "https://photos.zillowstatic.com/fp/f72bc7b9c6a05a37fa2e78922f2ca21d-p_e.jpg", "https://photos.zillowstatic.com/fp/b79de748f2216324d2694f88a372ad6f-p_e.jpg", "https://photos.zillowstatic.com/fp/e3ea34000f19c0af268583d4649c2064-p_e.jpg", "https://photos.zillowstatic.com/fp/730f7cf762243f99691843d30a954cf8-p_e.jpg", "https://photos.zillowstatic.com/fp/cb5f6f5f9a27b8351478d13127a1d5a4-p_e.jpg", "https://photos.zillowstatic.com/fp/0b041af057ada214dffa919c02a7ec96-p_e.jpg", "https://photos.zillowstatic.com/fp/0367f94405c2cf0da2fedd159e6fe0a5-p_e.jpg", "https://photos.zillowstatic.com/fp/d477318162ba0a32676825cbe9c1a798-p_e.jpg", "https://photos.zillowstatic.com/fp/27d8fe1ae4a001350b3fb0930c0fce16-p_e.jpg", "https://photos.zillowstatic.com/fp/37036c7ad83681b6ebba78300efe4581-p_e.jpg", "https://photos.zillowstatic.com/fp/3e0f19ce9020d9d7f5447121c98f8c9f-p_e.jpg", "https://photos.zillowstatic.com/fp/bbb5cb6b6fc05202c7a56d9208706251-p_e.jpg", "https://photos.zillowstatic.com/fp/d069320ea86baf517fd663784f7130ac-p_e.jpg", "https://photos.zillowstatic.com/fp/145f7209c34e1f9b0c76fc8595054840-p_e.jpg", "https://photos.zillowstatic.com/fp/a675d08e420b12b33d35642d5f7c38fd-p_e.jpg", "https://photos.zillowstatic.com/fp/c772edd1f9a9df06e708a3c11170a51d-p_e.jpg", "https://photos.zillowstatic.com/fp/ee86f63298db37dfd5e48c60b030a7f1-p_e.jpg", "https://photos.zillowstatic.com/fp/c0c7ea25e0aeca6ee0f777b852ef0716-p_e.jpg"], "Complete_url": "https://www.zillow.com/homedetails/16890-E-Fort-King-St-Silver-Springs-FL-34488/45877187_zpid/", "URL": "https://www.zillow.com/homedetails/16890-E-Fort-King-St-Silver-Springs-FL-34488/45877187_zpid/", "Structure Area": "1,396", "Type": "Mobile Home", "Year Built": "1983", "Heating": "Electric", "Cooling": "Wall/Window Unit(s)", "Parking": "No Data", "HOA": "", "Lot": "", "Price/sqft": "$15", "Offer Review Date": null, "Price History": [{"date": "2025-03-31", "price": 26000, "time": 1743379200000, "pricePerSquareFoot": 20, "priceChangeRate": 0.7218543046357616, "event": "Sold", "source": "Stellar MLS", "buyerAgent": {"photo": null, "profileUrl": "/profile/daltonmadalinski/", "name": "Dalton Madalinski"}, "sellerAgent": {"photo": null, "profileUrl": "/profile/daltonmadalinski/", "name": "Dalton Madalinski"}, "showCountyLink": false, "postingIsRental": false, "attributeSource": {"infoString1": "OM695964", "infoString2": "Stellar MLS", "infoString3": "https://photos.zillowstatic.com/fp/e39375731b4bce0deb161dcc85f92017-zillow_web_logo_inf_11.jpg"}}, {"date": "2024-10-02", "price": 15100, "time": 1727827200000, "pricePerSquareFoot": 11, "priceChangeRate": -0.3574468085106383, "event": "Sold", "source": "Public Record", "buyerAgent": null, "sellerAgent": null, "showCountyLink": false, "postingIsRental": false, "attributeSource": {"infoString1": null, "infoString2": "Public Record", "infoString3": null}}, {"date": "2003-09-15", "price": 23500, "time": 1063584000000, "pricePerSquareFoot": 18, "priceChangeRate": 0, "event": "Sold", "source": "Public Record", "buyerAgent": null, "sellerAgent": null, "showCountyLink": false, "postingIsRental": false, "attributeSource": {"infoString1": null, "infoString2": "Public Record", "infoString3": null}}], "Tax History": [{"time": 1715009263757, "taxPaid": 975.32, "taxIncreaseRate": 0.0678842, "value": 33554, "valueIncreaseRate": 0.09998689}, {"time": 1683386863757, "taxPaid": 913.32, "taxIncreaseRate": 0.1873944, "value": 30504, "valueIncreaseRate": 0.099996395}, {"time": 1651850863757, "taxPaid": 769.18, "taxIncreaseRate": 0.023117857, "value": 27731, "valueIncreaseRate": 0.1}, {"time": 1620314863757, "taxPaid": 751.8, "taxIncreaseRate": 0.105620764, "value": 25210, "valueIncreaseRate": 0.100008726}, {"time": 1588778863757, "taxPaid": 679.98, "taxIncreaseRate": -0.008818927, "value": 22918, "valueIncreaseRate": -0.005079227}, {"time": 1557156463757, "taxPaid": 686.03, "taxIncreaseRate": 0, "value": 23035, "valueIncreaseRate": 0.0042725727}, {"time": 1525620463757, "taxPaid": 686.03, "taxIncreaseRate": 1.3152443, "value": 22937, "valueIncreaseRate": 0.02101046}, {"time": 1494084463757, "taxPaid": 296.31, "taxIncreaseRate": 0.105675615, "value": 22465, "valueIncreaseRate": 0.020997137}, {"time": 1462548463757, "taxPaid": 267.99, "taxIncreaseRate": 0, "value": 22003, "valueIncreaseRate": 0.0070022885}, {"time": 1430926063757, "taxPaid": 267.99, "taxIncreaseRate": 0, "value": 21850, "valueIncreaseRate": 0.00798081}, {"time": 1399390063757, "taxPaid": 267.99, "taxIncreaseRate": 0, "value": 21677, "valueIncreaseRate": -0.010453757}, {"time": 1367854063757, "taxPaid": 267.99, "taxIncreaseRate": 0, "value": 21906, "valueIncreaseRate": 0.016991643}, {"time": 1336318063757, "taxPaid": 267.99, "taxIncreaseRate": 0, "value": 21540, "valueIncreaseRate": -0.07964451}, {"time": 1304695663757, "taxPaid": 267.99, "taxIncreaseRate": -0.033991862, "value": 23404, "valueIncreaseRate": -0.08617391}, {"time": 1273159663757, "taxPaid": 277.42, "taxIncreaseRate": -0.038072053, "value": 25611, "valueIncreaseRate": -0.028635364}, {"time": 1241623663757, "taxPaid": 288.4, "taxIncreaseRate": 0.0026421193, "value": 26366, "valueIncreaseRate": 0.0009870919}, {"time": 1210087663757, "taxPaid": 287.64, "taxIncreaseRate": 0.08351231, "value": 26340, "valueIncreaseRate": 0.029992571}, {"time": 1178465263757, "taxPaid": 265.47, "taxIncreaseRate": 0.057691522, "value": 25573, "valueIncreaseRate": 0.02496994}, {"time": 1146929263757, "taxPaid": 250.99, "taxIncreaseRate": 0.23640397, "value": 24950, "valueIncreaseRate": 0.029970277}, {"time": 1115393263757, "taxPaid": 203, "taxIncreaseRate": 0, "value": 24224, "valueIncreaseRate": 0.029975764}, {"time": 1083857263757, "taxPaid": 203, "taxIncreaseRate": -0.65828365, "value": 23519, "valueIncreaseRate": 0.061757933}, {"time": 1020698863757, "taxPaid": 594.06, "taxIncreaseRate": 0.11022647, "value": 22151, "valueIncreaseRate": 0.07885252}, {"time": 989162863757, "taxPaid": 535.08, "taxIncreaseRate": 0, "value": 20532, "valueIncreaseRate": 0}, {"time": 957626863757, "taxPaid": 535.08, "taxIncreaseRate": 0, "value": 20532, "valueIncreaseRate": 0}], "Foreclosure Details": {"foreclosingBank": null, "foreclosureAmount": null, "foreclosureAuctionCity": null, "foreclosureAuctionDescription": null, "foreclosureAuctionFilingDate": null, "foreclosureAuctionLocation": null, "foreclosureAuctionTime": null, "foreclosureBalanceReportingDate": null, "foreclosureDate": null, "foreclosureDefaultDescription": null, "foreclosureDefaultFilingDate": null, "foreclosureJudicialType": "Judicial", "foreclosureLoanAmount": null, "foreclosureLoanDate": null, "foreclosureLoanOriginator": null, "foreclosurePastDueBalance": null, "foreclosurePriorSaleAmount": null, "foreclosurePriorSaleDate": null, "foreclosureUnpaidBalance": null, "foreclosureTypes": {"isBankOwned": false, "isForeclosedNFS": false, "isPreforeclosure": false, "isAnyForeclosure": false, "wasNonRetailAuction": false, "wasForeclosed": false, "wasREO": null, "wasDefault": null}, "foreclosureMoreInfo": null}, "Nearby Homes": [], "Comparable Homes": []}
]