postcode,city,country
"60455, 60458, 60499",Bedford Park,United States of America
60455,Bridgeview,United States of America
60459,Burbank,United States of America
60415,Chicago Ridge,United States of America
60525,Countryside,United States of America
60457,Hickory Hills,United States of America
60456,Hometown,United States of America
60458,Justice,United States of America
60525,La Grange,United States of America
60526,La Grange Park,United States of America
60534,Lyons,United States of America
"60453, 60454, 60455, 60456, 60457, 60458",Oak Lawn,United States of America
"60462, 60467",Orland Park,United States of America
60463,Palos Heights,United States of America
60465,Palos Hills,United States of America
60464,Palos Park,United States of America
60501,Summit Argo,United States of America
"60477, 60487",Tinley Park,United States of America
60480,Willow Springs,United States of America
60482,Worth,United States of America
60521,Hinsdale,United States of America
60148,Lombard,United States of America
60137,Glen Ellyn,United States of America
60185,West Chicago,United States of America
"60174, 60175",St. Charles,United States of America
"60159, 60168, 60173, 60193, 60194, 60195",Schaumburg,United States of America
"60007, 60009",Elk Grove,United States of America
"60010, 60011",Barrington,United States of America
"60016, 60017, 60018, 60019",Des Plaines,United States of America
"60169, 60192, 60194, 60195",Hoffman Estates,United States of America
60448,Mokena,United States of America
60423,Frankfort,United States of America
60451,New Lenox,United States of America
"60544, 60585, 60586",Plainfield,United States of America
60499,,United States of America
60458,,United States of America
60455,,United States of America
60453,,United States of America
60454,,United States of America
60455,,United States of America
60456,,United States of America
60457,,United States of America
60458,,United States of America
60462,,United States of America
60467,,United States of America
60477,,United States of America
60487,,United States of America
60194,,United States of America
60477,,United States of America
60487,,United States of America
60174,,United States of America
60175,,United States of America
60159,,United States of America
60168,,United States of America
60173,,United States of America
60193,,United States of America
60195,,United States of America
60007,,United States of America
60009,,United States of America
60010,,United States of America
60011,,United States of America
60016,,United States of America
60017,,United States of America
60018,,United States of America
60019,,United States of America
60169,,United States of America
60192,,United States of America
60194,,United States of America
60195,,United States of America
60544,,United States of America
60585,,United States of America
60586,,United States of America
